year,country_name,flow_ratio,hdi
1998,Turkey,-0.7983000278472898,0.648
1998,Argentina,-0.19193999469280243,0.764
1998,Japan,-0.0262599997222424,0.877
1998,Albania,-10.938110351562498,0.656
1998,El Salvador,-0.8765100240707396,0.595
1998,Poland,-0.651419997215271,0.777
1998,Ireland,-8.75790023803711,0.837
1998,Iceland,-25.56789970397949,0.885
1998,Canada,-0.15093000233173373,0.88
1998,Brunei Darussalam,-69.28350830078124,0.782
1998,Malaysia,-12.73042011260986,0.71
1998,Papua New Guinea,-4.868649959564209,0.447
1998,United Kingdom,9.416930198669435,0.848
1998,Hungary,0.2921200096607208,0.755
1998,Finland,-1.9272400140762331,0.868
1998,Republic of Korea,-2.2563400268554688,0.802
1998,Samoa,-58.1646385192871,0.664
1998,Norway,-1.454439997673035,0.903
1998,United States,2.9424600601196285,0.891
1999,Norway,-1.7681699991226199,0.907
1999,Senegal,-14.91996955871582,0.382
1999,Hungary,1.1345900297164921,0.762
1999,Mexico,-0.7042300105094911,0.704
1999,Finland,-1.807979941368103,0.877
1999,Malaysia,-10.832630157470701,0.715
1999,Poland,-0.5545700192451477,0.784
1999,Albania,-10.33712959289551,0.668
1999,Rwanda,-52.80028152465819,0.303
1999,North Macedonia,-5.162059783935547,0.669
1999,Djibouti,-684.5714111328125,0.33
1999,Morocco,-11.62919998168945,0.515
1999,United Kingdom,9.895239830017093,0.855
1999,Thailand,-1.1145999431610112,0.653
1999,Turkey,-0.8060100078582765,0.652
1999,Luxembourg,-261.54461669921886,0.861
1999,Romania,0.5317400097846986,0.714
1999,Mauritania,-16.137569427490234,0.462
1999,Japan,-0.03912999853491781,0.878
1999,Mongolia,-2.61826992034912,0.587
1999,Czechia,0.12239000201225282,0.799
1999,Switzerland,10.26791954040527,0.881
1999,Netherlands,0.43244999647140503,0.886
1999,Bulgaria,-2.046819925308227,0.718
1999,Tunisia,-5.210159778594971,0.644
1999,Ukraine,0.1058100014925003,0.696
1999,Viet Nam,-0.935100018978119,0.589
1999,Mali,-8.284210205078123,0.308
1999,Belgium,7.487180233001708,0.879
1999,Saudi Arabia,-1.1784000396728522,0.74
1999,Cyprus,-108.94669342041023,0.791
1999,Italy,-0.782639980316162,0.837
1999,Laos,-12.59523010253906,0.469
1999,Iceland,-24.722290039062496,0.886
1999,Samoa,-47.140571594238274,0.668
1999,Denmark,3.2241899967193604,0.888
1999,Lesotho,-6.178939819335937,0.456
1999,Chile,-0.7577300071716309,0.756
1999,France,4.1377201080322275,0.847
1999,Spain,0.3800700008869171,0.819
1999,Sweden,3.246259927749634,0.897
1999,Kazakhstan,-4.005569934844972,0.672
1999,Burundi,-18.244989395141598,0.297
1999,United States,2.9684100151062007,0.891
1999,Lithuania,-2.8691399097442627,0.753
1999,Croatia,-7.031050205230713,0.748
1999,Eswatini,-20.450820922851562,0.477
1999,Estonia,-5.350830078124998,0.781
1999,Slovenia,-1.131109952926636,0.812
1999,Philippines,-0.0709900036454201,0.635
1999,Tajikistan,3.7104799747467037,0.539
1999,Ireland,-7.947760105133058,0.841
1999,Brunei Darussalam,-58.89339065551757,0.787
1999,Canada,0.15524999797344216,0.884
1999,Jamaica,-16.698720932006836,0.661
1999,Moldova,-7.363609790802003,0.647
1999,Malta,-4.020249843597411,0.776
1999,Gabon,-39.40853881835939,0.627
1999,Belarus,-1.092820048332214,0.698
1999,Trinidad and Tobago,-35.221870422363274,0.699
1999,Republic of Korea,-2.251120090484619,0.814
1999,Madagascar,-5.0649399757385245,0.431
1999,Latvia,-0.9885200262069702,0.75
2000,Bulgaria,-2.468230009078979,0.723
2000,Iraq,1.139019966125488,0.583
2000,Jamaica,-10.91818046569824,0.657
2000,Brunei Darussalam,-53.23794937133789,0.789
2000,Romania,-0.06959000229835509,0.721
2000,Cyprus,-141.24255371093747,0.797
2000,Hungary,1.316630005836487,0.773
2000,Mongolia,-2.7220499515533447,0.595
2000,Viet Nam,-1.1540800333023074,0.599
2000,Malta,-3.7846400737762447,0.779
2000,Burundi,-14.8075704574585,0.298
2000,Belarus,-1.110569953918457,0.708
2000,Cuba,2.800080060958862,0.694
2000,Netherlands,0.5524500012397766,0.892
2000,Mali,-8.019849777221681,0.315
2000,Czechia,0.37013000249862665,0.81
2000,Moldova,-7.273149967193605,0.655
2000,Tajikistan,3.166510105133057,0.548
2000,Norway,-2.3153500556945796,0.914
2000,Argentina,-0.19994999468326574,0.78
2000,India,-0.6754099726676941,0.49
2000,France,4.352009773254395,0.844
2000,Eswatini,-27.374420166015632,0.465
2000,El Salvador,-0.9967300295829773,0.609
2000,Estonia,-4.996920108795167,0.798
2000,Finland,-1.5711499452590938,0.887
2000,Latvia,3.5511898994445796,0.761
2000,Djibouti,-661.5789794921876,0.33
2000,Canada,0.39070999622344976,0.89
2000,North Macedonia,-7.5700101852417,0.676
2000,Slovakia,-3.2859001159667973,0.761
2000,Morocco,-11.989830017089844,0.525
2000,Slovenia,-1.1131500005722053,0.823
2000,United Kingdom,9.672610282897951,0.863
2000,Georgia,-3.5433399677276616,0.694
2000,Russia,0.15929000079631817,0.733
2000,Poland,-0.5169100165367126,0.794
2000,Malaysia,-5.190780162811278,0.726
2000,Lithuania,-2.857990026473999,0.769
2000,Belgium,8.02196979522705,0.884
2000,Sweden,3.1711399555206303,0.903
2000,Samoa,-69.88156127929689,0.672
2000,Ireland,-6.265450000762939,0.851
2000,Albania,-12.485980033874512,0.678
2000,Kazakhstan,-2.912019968032837,0.68
2000,Chile,-0.46707001328468334,0.763
2000,Switzerland,11.01550006866455,0.885
2000,Laos,-8.12071990966797,0.473
2000,Trinidad and Tobago,-33.07484054565429,0.708
2000,Jordan,0.41844999790191656,0.681
2000,Republic of Korea,-2.2450799942016597,0.824
2000,Iceland,-20.1200008392334,0.895
2000,Tunisia,-4.889359951019287,0.651
2000,Spain,0.7723399996757506,0.828
2000,Italy,-0.800559997558594,0.842
2000,Saudi Arabia,-0.6956300139427185,0.746
2000,Denmark,3.4208800792694087,0.89
2001,Mexico,-0.7898399829864501,0.712
2001,Iceland,-19.393169403076172,0.902
2001,North Macedonia,-8.940019607543947,0.681
2001,Laos,-5.798749923706056,0.48
2001,Bulgaria,-3.01653003692627,0.732
2001,Malta,-3.4357299804687496,0.793
2001,Cuba,4.694950103759766,0.701
2001,Latvia,4.725490093231201,0.772
2001,Sweden,3.1526200771331787,0.906
2001,Barbados,-9.713000297546388,0.761
2001,Belgium,7.62056016921997,0.889
2001,Ukraine,-0.3593499958515167,0.713
2001,Georgia,-3.27249002456665,0.7
2001,Republic of Korea,-2.28668999671936,0.832
2001,Poland,-0.4945400059223175,0.802
2001,Philippines,-0.14226999878883365,0.64
2001,Thailand,-0.9744700193405151,0.677
2001,Norway,-2.840250015258788,0.913
2001,Palau,-44.166671752929695,0.754
2001,France,4.706799983978272,0.847
2001,Lithuania,-3.0980799198150626,0.779
2001,Slovakia,-5.012889862060546,0.768
2001,India,-0.7571600079536437,0.495
2001,Romania,-0.6484100222587585,0.727
2001,Russia,0.44802999496459966,0.743
2001,Belarus,-1.1660000085830693,0.713
2001,Slovenia,-1.0776699781417851,0.838
2001,Netherlands,1.109629988670349,0.893
2001,Albania,-15.695440292358402,0.687
2001,Viet Nam,-1.3346600532531738,0.609
2001,Brunei Darussalam,-41.504798889160156,0.792
2001,Czechia,1.1182700395584113,0.82
2001,Cambodia,-6.8421502113342285,0.447
2001,Qatar,5.238220214843751,0.794
2001,Ireland,-4.3403401374816895,0.859
2001,Gabon,-36.72547149658203,0.632
2001,Hungary,1.5552899837493899,0.782
2001,Trinidad and Tobago,-32.73740005493164,0.716
2001,Tunisia,-4.740389823913575,0.658
2001,Turkey,-0.9230499863624574,0.675
2001,Moldova,-5.533669948577882,0.662
2001,Djibouti,-282.0564575195313,0.34
2001,Spain,0.7113100290298461,0.833
2001,Mongolia,-2.735080003738403,0.606
2001,Tajikistan,0.9068599939346313,0.558
2001,Denmark,3.3017098903656006,0.897
2001,Estonia,-5.881130218505858,0.807
2001,Finland,-1.2244800329208372,0.897
2001,El Salvador,-1.4388899803161619,0.612
2001,Kyrgyzstan,2.431920051574707,0.626
2001,Rwanda,-25.87877082824707,0.346
2001,Malaysia,-5.559860229492188,0.726
2001,Italy,-0.5816299915313722,0.849
2001,Morocco,-12.235469818115233,0.536
2001,Cyprus,-118.25038146972659,0.804
2001,Croatia,-4.933380126953127,0.779
2001,Switzerland,11.571069717407232,0.888
2001,United Kingdom,9.582710266113283,0.869
2002,Moldova,-5.0904598236083975,0.671
2002,Tajikistan,1.5789599418640141,0.569
2002,Bangladesh,-1.3118799924850457,0.505
2002,Georgia,-3.0849800109863286,0.709
2002,Malta,-3.829730033874512,0.798
2002,Bulgaria,-3.817529916763306,0.743
2002,Belgium,8.014829635620117,0.891
2002,Madagascar,-6.8566999435424805,0.442
2002,Belarus,-1.247560024261475,0.718
2002,Thailand,-0.9340100288391113,0.688
2002,Latvia,0.3004499971866608,0.784
2002,Norway,-2.8396899700164786,0.915
2002,Ireland,-3.3642299175262447,0.868
2002,Romania,-0.9956700205802917,0.734
2002,India,-0.833959996700287,0.501
2002,Hungary,1.5567799806594849,0.791
2002,Viet Nam,-1.4936100244522093,0.619
2002,Spain,0.9863799810409544,0.838
2002,Poland,-0.4785799980163574,0.809
2002,United Kingdom,8.877969741821289,0.874
2002,Canada,1.046120047569275,0.895
2002,Finland,-1.1102700233459473,0.901
2002,Chile,-0.47238001227378856,0.775
2002,Croatia,-6.434329986572267,0.785
2002,Andorra,-262.1722717285156,0.828
2002,Iceland,-17.532800674438484,0.909
2002,Burundi,-6.191919803619385,0.314
2002,Cyprus,-77.51130676269531,0.816
2002,Malaysia,-3.2825698852539062,0.725
2002,Philippines,-0.14724999666213995,0.646
2002,Qatar,6.065639972686768,0.796
2002,Mexico,-0.8531100153923036,0.719
2002,Russia,0.4538100063800813,0.749
2002,Kyrgyzstan,4.019209861755371,0.627
2002,France,5.491630077362061,0.85
2002,Cambodia,-5.7888197898864755,0.469
2002,Tunisia,-4.829420089721681,0.663
2002,Ukraine,-0.22359000146389013,0.721
2002,El Salvador,-1.5727800130844118,0.621
2002,Greece,-7.689809799194338,0.838
2002,North Macedonia,-9.458729743957518,0.684
2002,Republic of Korea,-2.3374400138854976,0.841
2002,Italy,-0.5851600170135498,0.854
2002,Czechia,1.619420051574707,0.826
2002,Sweden,3.5674500465393075,0.909
2002,Namibia,-49.1024513244629,0.544
2002,Djibouti,-219.7802124023438,0.346
2002,Netherlands,1.5244699716567993,0.89
2002,Armenia,-0.031069999560713803,0.67
2002,Mauritania,-22.73339080810547,0.465
2002,Denmark,4.091660022735597,0.896
2002,Cuba,5.355480194091797,0.706
2002,Venezuala,-1.2875100374221797,0.711
2002,Turkey,-0.9627299904823303,0.685
2002,Slovenia,-0.9958299994468689,0.849
2002,Lithuania,-2.9975500106811523,0.791
2002,Brazil,-0.5296599864959718,0.678
2002,Switzerland,12.003999710083011,0.888
2002,Eswatini,-38.070480346679695,0.444
2002,Estonia,-4.921840190887451,0.818
2002,Slovakia,-6.021080017089844,0.777
2002,Laos,-4.283599853515626,0.489
2002,Trinidad and Tobago,-24.81722068786621,0.727
2003,Tanzania,-12.357890129089363,0.425
2003,Laos,-4.886720180511476,0.498
2003,United Kingdom,9.871740341186523,0.879
2003,Cyprus,-63.54531860351563,0.825
2003,Pakistan,-5.0334601402282715,0.455
2003,Egypt,0.8614500164985659,0.632
2003,Lesotho,-74.75441741943358,0.45
2003,Bangladesh,-1.733659982681274,0.511
2003,Honduras,-1.2137399911880489,0.565
2003,Iceland,-17.247320175170895,0.916
2003,Tajikistan,-0.20310999453067782,0.581
2003,Tunisia,-4.7092299461364755,0.669
2003,Greece,-5.805319786071777,0.844
2003,Philippines,-0.08714000135660172,0.652
2003,Iran,-1.0278600454330438,0.713
2003,Kyrgyzstan,5.265799999237061,0.635
2003,Denmark,5.709159851074219,0.901
2003,Mongolia,-3.18572998046875,0.629
2003,Bulgaria,-4.342050075531006,0.753
2003,El Salvador,-1.7850899696350102,0.627
2003,Latvia,-0.8272799849510193,0.795
2003,Viet Nam,-1.733420014381409,0.628
2003,Italy,-0.23210999369621282,0.858
2003,Armenia,-0.9733899831771851,0.681
2003,Brazil,-0.5153899788856504,0.682
2003,Jordan,2.1252601146697994,0.697
2003,Andorra,-286.60131835937494,0.836
2003,India,-0.9428200125694278,0.514
2003,Russia,0.3811799883842469,0.757
2003,Georgia,-3.1372799873352046,0.719
2003,Spain,1.4137200117111208,0.84
2003,Turkey,-1.079130053520203,0.691
2003,Gabon,-43.400161743164055,0.638
2003,Moldova,-5.489419937133789,0.681
2003,Saudi Arabia,1.9640500545501711,0.765
2003,Qatar,5.315609931945801,0.801
2003,Slovenia,-1.1660000085830693,0.858
2003,Chile,-0.6256200075149536,0.78
2003,Sweden,4.2869200706481925,0.914
2003,Czechia,1.6310000419616701,0.833
2003,Estonia,-4.468369960784912,0.826
2003,Congo,-58.68632125854492,0.52
2003,Malta,-2.090320110321045,0.812
2003,Mauritania,-24.393239974975582,0.47
2003,Lithuania,-3.1013200283050546,0.805
2003,North Macedonia,-10.777219772338867,0.69
2003,Poland,-0.5535600185394287,0.814
2003,Cuba,6.508560180664064,0.714
2003,Hong Kong,-21.788019180297844,0.854
2003,Republic of Korea,-2.421149969100952,0.845
2003,Hungary,1.4869899749755862,0.798
2003,Morocco,-13.735580444335941,0.557
2003,Romania,-1.268339991569519,0.733
2003,France,7.810210227966308,0.853
2003,Norway,-1.917649984359741,0.923
2003,Belgium,7.995039939880371,0.893
2003,Belarus,-1.2917200326919558,0.728
2003,Ireland,-3.0651500225067143,0.877
2003,Finland,-0.979550004005432,0.905
2003,Slovakia,-7.688069820404053,0.783
2003,Netherlands,1.703220009803772,0.893
2003,Bahrain,-5.943709850311279,0.799
2003,Ukraine,-0.17306999862194064,0.73
2003,Malaysia,-2.8401999473571786,0.73
2003,Albania,-24.25917053222656,0.701
2003,Switzerland,12.574410438537601,0.893
2003,Maldives,-1680.821899414063,0.655
2003,Namibia,-54.835430145263665,0.547
2003,Croatia,-4.621190071105955,0.79
2004,Venezuala,-0.9658200144767762,0.713
2004,Ireland,-2.493690013885498,0.888
2004,Albania,-24.342630386352536,0.707
2004,Sweden,0.9424499869346619,0.901
2004,Morocco,-10.831890106201168,0.564
2004,Romania,-1.1229100227355961,0.74
2004,Saudi Arabia,0.06013000011444091,0.775
2004,Malaysia,-3.5518798828125,0.731
2004,Bulgaria,-4.487279891967773,0.76
2004,Saint Lucia,-49.10284042358398,0.706
2004,Liechtenstein,-51.31578826904296,0.91
2004,Bangladesh,-1.718850016593933,0.518
2004,Tanzania,-9.853779792785648,0.435
2004,Greece,-4.667620182037354,0.852
2004,Cameroon,-16.933839797973626,0.458
2004,Iran,-0.9689900279045106,0.722
2004,Denmark,2.1093399524688725,0.906
2004,North Macedonia,-12.11270046234131,0.697
2004,Slovakia,-7.937230110168457,0.793
2004,United Kingdom,12.315739631652832,0.889
2004,Slovenia,-1.342960000038147,0.864
2004,Latvia,-1.4476399421691886,0.805
2004,Georgia,-3.323270082473755,0.727
2004,Jordan,5.223110198974609,0.707
2004,Guinea,-20.3217601776123,0.377
2004,Iceland,-11.24405002593994,0.92
2004,Palestine,-9.469519615173343,0.652
2004,Brunei Darussalam,-36.13991928100587,0.807
2004,Mauritius,-46.37771987915039,0.711
2004,Cuba,3.117399930953979,0.728
2004,Italy,0.42899999022483837,0.866
2004,Republic of Korea,-2.4363698959350586,0.853
2004,Belarus,-1.4959800243377692,0.74
2004,Egypt,0.8713899850845337,0.635
2004,Netherlands,3.4010200500488277,0.896
2004,Estonia,-3.708549976348877,0.836
2004,Laos,-4.964449882507325,0.506
2004,Belgium,4.151150226593017,0.899
2004,Brazil,-0.4888600111007691,0.689
2004,India,-1.0449800491333012,0.523
2004,Guyana,-15.144960403442377,0.604
2004,Tajikistan,-0.23792999982833865,0.591
2004,Thailand,-0.9558699727058412,0.707
2004,Finland,0.704259991645813,0.901
2004,El Salvador,-1.6829600334167483,0.633
2004,Cyprus,-59.245048522949226,0.83
2004,Costa Rica,-0.2188200056552887,0.731
2004,Poland,-0.4783999919891358,0.812
2004,Philippines,-0.1561300009489059,0.658
2004,Iraq,-0.15756000578403473,0.588
2004,Spain,-0.5332300066947938,0.846
2004,Hong Kong,-20.848339080810547,0.863
2004,Fiji,20.14393997192382,0.682
2004,Qatar,-1.5936299562454217,0.804
2004,Czechia,2.962759971618652,0.838
2004,Malta,-3.190540075302124,0.826
2004,Algeria,-2.7788300514221196,0.683
2004,Switzerland,13.166830062866213,0.898
2004,Moldova,-5.6250600814819345,0.691
2004,Trinidad and Tobago,-23.395620346069332,0.747
2004,Kyrgyzstan,6.342339992523193,0.638
2004,Turkey,-0.9585999846458436,0.696
2004,Russia,0.46448999643325817,0.764
2004,Norway,-0.4648199975490571,0.929
2004,Cambodia,-5.082650184631349,0.499
2004,France,8.88167953491211,0.861
2004,Madagascar,-6.710490226745605,0.459
2004,Armenia,0.4183900058269502,0.689
2004,Lithuania,-2.6224200725555424,0.813
2004,Mongolia,-2.998950004577637,0.646
2004,Tunisia,-4.290259838104248,0.679
2004,Ukraine,-0.2838000059127809,0.739
2004,Hungary,1.637459993362427,0.802
2004,Niger,-36.60815811157228,0.286
2005,Ukraine,-0.0176999997347593,0.743
2005,Armenia,0.6252400279045106,0.701
2005,Iran,-1.0037699937820428,0.727
2005,Sweden,1.59237003326416,0.903
2005,Viet Nam,-1.341120004653931,0.645
2005,India,-1.1559000015258791,0.532
2005,Bahrain,-13.497159957885742,0.791
2005,Denmark,2.1317100524902344,0.911
2005,Estonia,-3.305789947509766,0.848
2005,Namibia,-45.50345993041993,0.553
2005,Moldova,-5.858839988708495,0.698
2005,Laos,-4.392290115356445,0.516
2005,Saudi Arabia,0.048200000077486,0.783
2005,Kyrgyzstan,9.290120124816893,0.64
2005,France,8.591549873352053,0.869
2005,Netherlands,3.017970085144043,0.899
2005,Djibouti,-127.12264251708976,0.374
2005,Bangladesh,-1.5455199480056758,0.525
2005,Madagascar,-6.6365599632263175,0.464
2005,Greece,-3.374490022659302,0.864
2005,Hungary,1.674499988555908,0.807
2005,Jordan,4.229119777679442,0.713
2005,Lebanon,0.6788100004196166,0.71
2005,Cyprus,-82.41857147216797,0.833
2005,Belarus,-1.304239988327026,0.749
2005,Indonesia,-0.8148000240325929,0.634
2005,Spain,-0.38754001259803766,0.851
2005,El Salvador,-1.74711000919342,0.64
2005,Italy,0.6448100209236145,0.869
2005,Lithuania,-2.58745002746582,0.821
2005,Burkina Faso,-7.927130222320556,0.327
2005,Czechia,3.7774999141693124,0.847
2005,Latvia,-1.1981099843978882,0.815
2005,Norway,0.5127599835395815,0.93
2005,Mongolia,-2.6893000602722177,0.658
2005,Algeria,-2.446470022201538,0.69
2005,United States,3.1518900394439697,0.904
2005,Cuba,2.7588798999786377,0.741
2005,Poland,-0.46116998791694647,0.819
2005,Croatia,-3.872030019760132,0.806
2005,Hong Kong,-19.804460525512702,0.871
2005,Egypt,0.8913300037384033,0.637
2005,Romania,-1.025169968605042,0.75
2005,Cameroon,-15.133580207824712,0.459
2005,Russia,0.59579998254776,0.767
2005,Slovakia,-8.801719665527346,0.802
2005,Chile,-1.0846899747848513,0.795
2005,Qatar,5.5160298347473145,0.811
2005,Thailand,-0.8714200258255006,0.715
2005,Tajikistan,-1.399119973182678,0.606
2005,North Macedonia,-12.535449981689451,0.704
2005,Georgia,-3.2980399131774902,0.738
2005,United Kingdom,12.930569648742681,0.895
2005,Ireland,-3.33563995361328,0.894
2005,Bulgaria,-4.350399971008301,0.765
2005,Slovenia,-1.1146999597549438,0.869
2005,Switzerland,13.534569740295408,0.903
2005,Botswana,-44.5942497253418,0.601
2005,Republic of Korea,-2.4463400840759277,0.861
2005,Guyana,-15.086560249328613,0.615
2005,Philippines,-0.10858999937772748,0.659
2005,Belgium,2.8104400634765625,0.901
2005,Malta,-1.821840047836304,0.834
2005,Morocco,-9.799869537353516,0.57
2005,Brunei Darussalam,-46.26716995239257,0.811
2005,Finland,0.8928200006484988,0.904
2005,Turkey,-0.8159099817276,0.701
2006,Cambodia,-2.563669919967651,0.522
2006,Guinea,-9.660269737243652,0.394
2006,Namibia,-59.833141326904304,0.559
2006,Hong Kong,-16.734050750732425,0.878
2006,Denmark,3.062129974365234,0.911
2006,Uzbekistan,-10.365090370178223,0.642
2006,Czechia,4.4759202003478995,0.856
2006,Finland,1.78207004070282,0.909
2006,Thailand,-0.8318799734115603,0.721
2006,Estonia,-3.132410049438477,0.856
2006,France,8.817460060119629,0.873
2006,Greece,-2.6682898998260502,0.872
2006,Cyprus,-68.48497009277344,0.839
2006,Saudi Arabia,-0.7651900053024292,0.785
2006,Slovakia,-10.134229660034176,0.812
2006,Bulgaria,-4.0646700859069815,0.77
2006,Bangladesh,-1.3459999561309808,0.53
2006,Iran,-0.9711099863052367,0.738
2006,Azerbaijan,-0.6426100134849548,0.701
2006,Tajikistan,-1.157809972763062,0.615
2006,Georgia,-4.233369827270509,0.744
2006,Armenia,0.6352999806404115,0.714
2006,Brunei Darussalam,-39.909698486328125,0.817
2006,Algeria,-2.343980073928833,0.696
2006,Mongolia,-2.4916899204254146,0.669
2006,Malta,-3.3288500308990474,0.832
2006,Central African Republic,-17.83953094482422,0.333
2006,Bahrain,-15.095359802246092,0.794
2006,Iceland,-10.800840377807623,0.928
2006,Philippines,-0.0952500030398369,0.659
2006,Lebanon,2.0395898818969735,0.711
2006,Switzerland,12.799570083618159,0.913
2006,Hungary,1.8219699859619138,0.815
2006,Republic of Korea,-2.291949987411499,0.866
2006,Laos,-4.813459873199462,0.517
2006,El Salvador,-1.7790299654006958,0.645
2006,China,-1.513129949569702,0.656
2006,Romania,-1.4069999456405637,0.768
2006,Kazakhstan,-1.8582999706268313,0.75
2006,Kyrgyzstan,10.13694000244141,0.646
2006,Oman,-18.61820030212402,0.757
2006,Liechtenstein,-44.33961868286133,0.907
2006,Cuba,1.975559949874878,0.761
2006,United Kingdom,13.147489547729492,0.894
2006,Spain,-0.37228000164031977,0.856
2006,Russia,0.41337001323699957,0.778
2006,Lithuania,-2.353319883346558,0.828
2006,Lesotho,-45.71765136718749,0.444
2006,Ukraine,0.08111999928951259,0.752
2006,Mauritius,-38.517620086669915,0.725
2006,Indonesia,-0.7232400178909302,0.643
2006,Moldova,-5.263999938964845,0.706
2006,Morocco,-9.3620195388794,0.576
2006,North Macedonia,-13.89142036437988,0.712
2006,Luxembourg,-248.9598846435547,0.882
2006,Poland,-0.524399995803833,0.824
2006,Belarus,-1.4871499538421629,0.761
2006,Eswatini,-53.98804855346679,0.454
2006,Saint Lucia,-60.7493896484375,0.722
2006,Egypt,0.9655600190162656,0.642
2006,Djibouti,-129.30497741699222,0.384
2006,Italy,0.8624299764633181,0.874
2006,Belgium,3.712980031967163,0.904
2006,Malaysia,-3.4587199687957764,0.732
2006,Madagascar,-6.342589855194091,0.469
2006,Norway,1.0032099485397339,0.934
2006,Netherlands,2.9391601085662837,0.905
2006,Cameroon,-13.031800270080568,0.46
2006,Sweden,1.8686100244522095,0.907
2006,Turkey,-0.7391300201416015,0.711
2006,Ireland,-3.715250015258788,0.898
2006,Jordan,3.896359920501708,0.719
2006,India,-1.098389983177185,0.541
2006,Slovenia,-1.1533700227737433,0.878
2006,Croatia,-3.9086399078369145,0.814
2007,Jordan,3.92822003364563,0.716
2007,Hong Kong,-13.70034027099609,0.892
2007,Slovenia,-1.0022100210189822,0.881
2007,Switzerland,12.863189697265634,0.92
2007,El Salvador,-1.8095099925994866,0.651
2007,Iran,-1.003309965133667,0.742
2007,Belarus,-1.725350022315979,0.772
2007,Chile,-0.23161999881267553,0.801
2007,Togo,-14.426799774169922,0.445
2007,Laos,-4.213160037994386,0.531
2007,Belgium,3.760600090026855,0.907
2007,Indonesia,-0.7579399943351747,0.646
2007,Liechtenstein,-45.76522827148438,0.909
2007,Barbados,-5.515120029449462,0.789
2007,Lithuania,-2.1630699634551998,0.835
2007,Latvia,-1.8185700178146358,0.825
2007,Italy,1.183249950408936,0.878
2007,Brunei Darussalam,-45.30659103393555,0.82
2007,Bulgaria,-3.7933099269866943,0.776
2007,Czechia,4.906720161437988,0.862
2007,Cyprus,-80.0063018798828,0.845
2007,Viet Nam,-1.60247004032135,0.66
2007,Algeria,-1.927430033683777,0.701
2007,Morocco,-8.848660469055172,0.583
2007,Guyana,-19.994689941406246,0.631
2007,Madagascar,-5.395020008087157,0.477
2007,Malaysia,-2.871439933776854,0.744
2007,Myanmar,-0.7453799843788147,0.475
2007,Mongolia,-2.956229925155639,0.68
2007,Denmark,3.2524499893188468,0.912
2007,Croatia,-3.835109949111938,0.818
2007,Saudi Arabia,-1.134469985961914,0.786
2007,Slovakia,-10.02147006988525,0.822
2007,Oman,-16.765779495239254,0.764
2007,Iceland,-10.738889694213867,0.933
2007,Thailand,-0.6879000067710875,0.732
2007,Georgia,-4.796780109405518,0.755
2007,Serbia,-1.7121200561523438,0.753
2007,Romania,-1.2059099674224847,0.78
2007,Bangladesh,-1.3893799781799319,0.533
2007,Spain,0.37147998809814453,0.857
2007,Palestine,-8.09278964996338,0.672
2007,Ireland,-1.293409943580627,0.904
2007,Greece,-1.75,0.866
2007,Uzbekistan,-10.997750282287601,0.655
2007,Russia,0.20276999473571783,0.789
2007,North Macedonia,-10.00016975402832,0.717
2007,Malta,-4.138209819793701,0.84
2007,Ghana,-5.163660049438477,0.547
2007,Azerbaijan,-0.4507099986076355,0.714
2007,Republic of Korea,-2.109179973602295,0.871
2007,Ukraine,0.14645999670028692,0.759
2007,Finland,1.286380052566528,0.911
2007,Cameroon,-12.41996955871582,0.472
2007,Lebanon,4.864339828491209,0.724
2007,Egypt,0.9604099988937377,0.649
2007,Norway,1.598700046539307,0.936
2007,Cuba,2.920639991760254,0.775
2007,Armenia,0.5658500194549562,0.73
2007,Niger,-36.36949157714843,0.309
2007,Austria,9.243430137634277,0.896
2007,Turkey,-0.7702800035476685,0.718
2007,Moldova,-5.467870235443115,0.711
2007,Poland,-0.5819000005722045,0.828
2007,France,8.794059753417969,0.876
2007,Canada,3.3730900287628174,0.907
2007,United Kingdom,13.828760147094728,0.897
2007,Netherlands,2.8721199035644527,0.911
2007,Hungary,1.919489979743958,0.818
2007,Tajikistan,-0.2576299905776978,0.62
2007,China,-1.5518699884414668,0.668
2007,Saint Lucia,-82.68428039550781,0.721
2007,Yemen,-1.236430048942566,0.485
2007,Sweden,1.8938399553298948,0.909
2007,Estonia,-3.1919400691986075,0.859
2007,Kyrgyzstan,9.66788959503174,0.652
2008,Saint Kitts and Nevis,-55.76250839233399,0.776
2008,Jordan,5.000939846038817,0.726
2008,Bangladesh,-1.2806099653244019,0.535
2008,Palestine,-8.073849678039553,0.678
2008,Belarus,-4.253590106964111,0.782
2008,Chile,0.1688199937343597,0.812
2008,Malta,-6.154980182647704,0.844
2008,Georgia,-5.438479900360108,0.751
2008,Finland,1.516240000724792,0.913
2008,Norway,2.091480016708374,0.935
2008,Saudi Arabia,-2.025239944458008,0.794
2008,Luxembourg,-186.3168334960938,0.898
2008,Mongolia,-4.144969940185546,0.69
2008,Switzerland,9.307740211486818,0.926
2008,Kyrgyzstan,7.857269763946533,0.657
2008,Czechia,4.812250137329102,0.865
2008,Serbia,0.18854999542236336,0.764
2008,Oman,-14.975810050964363,0.77
2008,Ukraine,0.0319899991154671,0.763
2008,El Salvador,-1.7768599987030032,0.651
2008,Cyprus,-68.23419189453125,0.853
2008,North Macedonia,-7.138500213623047,0.736
2008,Sweden,2.059829950332642,0.905
2008,Slovakia,-9.108539581298828,0.831
2008,Indonesia,-0.677079975605011,0.649
2008,Hong Kong,-10.15180969238281,0.908
2008,Slovenia,-0.8566899895668031,0.889
2008,Benin,-2.417740106582642,0.47
2008,Croatia,-2.9691100120544434,0.821
2008,Viet Nam,-1.961449980735779,0.665
2008,Brunei Darussalam,-48.76047897338867,0.821
2008,Moldova,-9.27639961242676,0.718
2008,Morocco,-8.386090278625492,0.59
2008,Madagascar,-5.06855010986328,0.485
2008,Italy,1.7469999790191648,0.878
2008,Turkey,-0.8034399747848511,0.721
2008,Côte d'Ivoire,-0.4074600040912628,0.461
2008,Republic of Korea,-1.9372299909591666,0.874
2008,Laos,-3.877840042114258,0.539
2008,Azerbaijan,-1.1303499937057502,0.723
2008,Ghana,-3.4166700839996333,0.558
2008,Lithuania,-1.824020028114319,0.843
2008,Cuba,2.8241100311279306,0.784
2008,Ireland,-2.963850021362305,0.905
2008,Armenia,-0.5402799844741822,0.733
2008,Tunisia,-4.33485984802246,0.705
2008,Spain,0.7867400050163268,0.858
2008,Saint Lucia,-38.57197952270508,0.73
2008,Bulgaria,-3.7990200519561776,0.782
2008,China,-1.603749990463257,0.678
2008,Belgium,4.921919822692871,0.909
2008,Malaysia,-1.7382700443267822,0.754
2008,Latvia,-2.0288000106811523,0.832
2008,Thailand,-0.5824999809265136,0.735
2008,Qatar,17.457149505615224,0.835
2008,United Kingdom,13.707699775695799,0.902
2008,Hungary,2.0625300407409677,0.824
2008,Canada,3.3645000457763676,0.909
2008,Tajikistan,-1.156649947166443,0.628
2008,France,9.06451988220215,0.877
2008,DR Congo,-1.113890051841736,0.41
2008,Netherlands,3.607589960098267,0.911
2008,Estonia,-3.525110006332398,0.861
2008,Iceland,-10.269980430603031,0.927
2008,Chad,-20.895210266113278,0.343
2008,Iran,-0.9862499833106996,0.744
2008,Namibia,-35.73350143432617,0.574
2008,Singapore,10.740360260009767,0.91
2008,Denmark,0.5049700140953065,0.915
2008,Russia,0.9743499755859375,0.793
2008,Venezuala,-0.7288600206375122,0.754
2008,Liechtenstein,-26.25,0.918
2008,Philippines,-0.2027599960565567,0.666
2008,Austria,11.870770454406742,0.899
2008,Romania,-0.7337499856948855,0.807
2008,Uzbekistan,-10.379590034484863,0.66
2008,Guinea,-6.256390094757081,0.408
2008,Poland,-0.5520799756050111,0.834
2009,United Kingdom,14.27793979644775,0.907
2009,Bangladesh,-1.1588499546051032,0.547
2009,Armenia,-0.39528000354766857,0.732
2009,Uzbekistan,-9.454689979553226,0.666
2009,Sweden,2.7618401050567627,0.904
2009,Spain,1.336439967155457,0.86
2009,Nepal,-7.100480079650878,0.53
2009,Italy,1.4705899953842159,0.877
2009,Niger,-18.72186088562012,0.325
2009,Qatar,16.86590957641602,0.833
2009,Iran,-1.1986299753189091,0.748
2009,Thailand,-0.3935399949550629,0.738
2009,Ireland,-3.03927993774414,0.9
2009,Belgium,5.489409923553469,0.91
2009,Slovenia,-0.3968800008296968,0.886
2009,Ukraine,0.1029800027608871,0.761
2009,Austria,13.195320129394528,0.898
2009,Georgia,-8.156470298767093,0.756
2009,Jordan,4.932539939880371,0.728
2009,Norway,2.1602299213409424,0.935
2009,Netherlands,2.024729967117311,0.912
2009,Canada,3.454020023345947,0.91
2009,Serbia,-0.5683599710464478,0.766
2009,Switzerland,10.06818008422852,0.935
2009,Saint Lucia,-37.80400848388671,0.733
2009,Guyana,-23.919149398803707,0.641
2009,France,9.008930206298828,0.875
2009,Mauritius,-27.127189636230472,0.746
2009,Romania,-1.1344100236892702,0.819
2009,Morocco,-8.133589744567871,0.596
2009,Mongolia,-4.49275016784668,0.694
2009,Moldova,-8.242879867553711,0.713
2009,Tajikistan,-1.553329944610596,0.629
2009,Lithuania,-2.2263998985290536,0.843
2009,Cyprus,-52.18486022949218,0.857
2009,Poland,-0.5127400159835818,0.838
2009,Barbados,1.2426700592041018,0.794
2009,Saudi Arabia,-2.9243700504302983,0.798
2009,Croatia,-6.140120029449462,0.819
2009,Viet Nam,-2.0627000331878658,0.671
2009,Brazil,-0.25666001439094543,0.717
2009,Chile,-0.4886800050735475,0.811
2009,Singapore,13.24971961975098,0.91
2009,Slovakia,-9.242670059204102,0.834
2009,Brunei Darussalam,-46.2747688293457,0.823
2009,Oman,-12.02667999267578,0.784
2009,Antigua and Barbuda,-59.402118682861335,0.81
2009,Cuba,2.985179901123047,0.784
2009,Bulgaria,-4.11417007446289,0.784
2009,Malta,-6.58809995651245,0.849
2009,China,-1.644970059394836,0.689
2009,El Salvador,-1.870710015296936,0.651
2009,Belarus,-3.7970600128173837,0.784
2009,Laos,-3.0959699153900146,0.549
2009,Finland,1.8595099449157713,0.908
2009,Denmark,3.0502099990844727,0.909
2009,Latvia,-2.1976699829101562,0.831
2009,North Macedonia,-6.452449798583985,0.74
2009,Algeria,-1.433109998703003,0.716
2009,Iceland,-11.13541030883789,0.925
2009,Afghanistan,-5.682620048522948,0.441
2009,Comoros,-81.4938430786133,0.517
2009,Kyrgyzstan,5.921919822692871,0.661
2009,Hungary,1.7891299724578857,0.826
2009,Turkey,-0.7142300009727476,0.728
2009,Madagascar,-4.471220016479492,0.488
2009,Côte d'Ivoire,-4.697309970855711,0.465
2009,Palestine,-8.69882011413574,0.683
2009,Czechia,4.87997007369995,0.866
2009,Republic of Korea,-1.7545000314712522,0.876
2009,Tunisia,-4.430399894714357,0.709
2009,Malaysia,-0.2602199912071228,0.761
2009,Azerbaijan,-2.181649923324584,0.729
2009,Russia,0.8828799724578859,0.791
2009,Hong Kong,-9.207030296325685,0.91
2009,Djibouti,-56.34695053100586,0.411
2009,Liechtenstein,-45.09283828735352,0.913
2009,Estonia,-3.824620008468628,0.859
2009,Grenada,54.97085189819335,0.777
2010,Antigua and Barbuda,-42.13674926757813,0.808
2010,Cyprus,-52.793720245361335,0.859
2010,Oman,-11.203769683837889,0.798
2010,Malawi,-31.57537078857422,0.461
2010,Jordan,4.990119934082031,0.727
2010,Turkey,-0.5335599780082704,0.75
2010,El Salvador,-1.8758499622344968,0.657
2010,Croatia,-5.682240009307861,0.824
2010,Netherlands,2.369159936904907,0.917
2010,Armenia,-1.6123199462890632,0.739
2010,Tunisia,-4.688720226287841,0.713
2010,Lebanon,8.638219833374022,0.749
2010,Malaysia,0.4738900065422058,0.768
2010,Burundi,-0.0273299999535084,0.404
2010,Iceland,-10.61437034606934,0.927
2010,Viet Nam,-2.0688800811767583,0.676
2010,Singapore,11.393850326538091,0.921
2010,Madagascar,-4.07151985168457,0.488
2010,Greece,-0.3482199907302856,0.874
2010,Bulgaria,-4.20570993423462,0.79
2010,Cameroon,-8.505840301513672,0.515
2010,Barbados,3.340389966964722,0.792
2010,Morocco,-7.699160099029541,0.604
2010,Belarus,-4.535910129547118,0.79
2010,Cuba,3.4868199825286865,0.779
2010,China,-1.722740054130554,0.698
2010,Saint Lucia,-45.00759887695313,0.731
2010,Poland,-0.4279400110244752,0.845
2010,United Kingdom,14.727230072021479,0.913
2010,Indonesia,-0.6273900270462035,0.667
2010,Benin,3.48393988609314,0.481
2010,Ireland,-3.3282001018524174,0.908
2010,Comoros,-97.08067321777344,0.524
2010,Slovenia,-0.4909799993038178,0.89
2010,Saudi Arabia,-3.1052498817443848,0.805
2010,Honduras,-1.19202995300293,0.596
2010,Republic of Korea,-1.5255199670791628,0.89
2010,Kyrgyzstan,4.402820110321046,0.661
2010,Luxembourg,-94.41963958740236,0.912
2010,Latvia,-2.9804499149322505,0.827
2010,Kazakhstan,-3.557660102844238,0.766
2010,Côte d'Ivoire,-5.299789905548097,0.47
2010,Chile,-0.30720001459121693,0.813
2010,Norway,0.6795499920845033,0.938
2010,Palestine,-7.913539886474609,0.688
2010,Romania,-1.150449991226196,0.813
2010,Azerbaijan,-4.8083600997924805,0.733
2010,Italy,1.492779970169067,0.88
2010,Canada,4.2282400131225595,0.911
2010,Brazil,-0.2950499951839448,0.722
2010,Lithuania,-2.7829000949859624,0.846
2010,Moldova,-10.333569526672362,0.716
2010,Denmark,5.200469970703127,0.913
2010,Laos,-2.601119995117188,0.557
2010,Spain,1.6153999567031858,0.868
2010,Israel,-3.0107300281524667,0.887
2010,Qatar,18.532430648803707,0.829
2010,Niger,-18.75292015075684,0.336
2010,Hong Kong,-8.397009849548343,0.914
2010,Sweden,3.346410036087036,0.91
2010,France,9.025309562683105,0.88
2010,Zimbabwe,-26.35211944580078,0.481
2010,Estonia,-3.9834699630737296,0.864
2010,Brunei Darussalam,-53.843490600585945,0.825
2010,Mongolia,-5.064879894256591,0.7
2010,Thailand,-0.3178099989891053,0.743
2010,Iran,-1.1277400255203252,0.756
2010,Liechtenstein,-48.030498504638665,0.916
2010,Georgia,-6.9936399459838885,0.763
2010,Slovakia,-9.64840030670166,0.841
2010,Mauritius,-22.867740631103516,0.755
2010,Uzbekistan,-8.206899642944336,0.675
2010,Czechia,5.419179916381837,0.872
2010,Egypt,1.320150017738342,0.667
2010,Algeria,-1.4258899688720699,0.721
2010,Ukraine,0.0939999967813492,0.766
2010,Finland,2.1926898956298824,0.912
2010,Hungary,1.9676100015640259,0.829
2010,Austria,14.059439659118654,0.903
2010,Serbia,-1.111690044403076,0.768
2010,Guyana,-11.412019729614261,0.65
2010,Switzerland,10.66003036499023,0.94
2010,Tajikistan,-2.5365700721740723,0.631
2010,Belgium,5.544909954071045,0.913
2011,Czechia,5.842319965362549,0.876
2011,Republic of Korea,-1.4508299827575677,0.895
2011,Niger,-18.408990859985344,0.344
2011,Norway,0.41872999072074896,0.94
2011,Nepal,-7.102789878845213,0.552
2011,Tunisia,-4.8009300231933585,0.715
2011,Cyprus,-56.821720123291016,0.863
2011,Saint Lucia,-34.414348602294915,0.737
2011,Chad,-17.294340133666985,0.373
2011,Zimbabwe,-30.756280899047848,0.502
2011,Turkey,-0.3868699967861176,0.763
2011,Kazakhstan,-3.981460094451904,0.774
2011,Croatia,-5.683939933776855,0.829
2011,Guyana,-20.724269866943356,0.663
2011,Serbia,-2.0303599834442134,0.773
2011,Cuba,3.7493898868560795,0.776
2011,Yemen,-0.810100018978119,0.495
2011,Mali,-7.0501198768615705,0.411
2011,Ireland,0.2480600029230118,0.906
2011,Liechtenstein,-21.036590576171875,0.919
2011,Moldova,-12.42984008789063,0.719
2011,Brazil,-0.3228999972343446,0.727
2011,Latvia,-3.929480075836182,0.833
2011,Austria,13.897259712219242,0.907
2011,Barbados,3.993240118026733,0.79
2011,Malta,-6.822730064392089,0.857
2011,Iran,-1.15024995803833,0.765
2011,Mozambique,-1.485049962997437,0.412
2011,Mongolia,-5.327020168304442,0.71
2011,Ghana,-1.583279967308044,0.579
2011,Israel,-2.7768599987030025,0.89
2011,Mauritius,-19.99943923950194,0.764
2011,Myanmar,-1.089750051498413,0.517
2011,Hungary,2.1697900295257573,0.833
2011,Comoros,-72.73387145996094,0.532
2011,Jordan,3.61939001083374,0.73
2011,China,-1.8304200172424316,0.706
2011,United Kingdom,15.68881988525391,0.909
2011,Romania,-1.404960036277771,0.813
2011,Sri Lanka,-6.504749774932862,0.741
2011,Burkina Faso,-3.01813006401062,0.383
2011,Estonia,-4.1121101379394505,0.873
2011,Guinea,-5.650629997253418,0.421
2011,Madagascar,-3.9229400157928467,0.49
2011,Belarus,-5.137929916381836,0.798
2011,Kyrgyzstan,2.9261898994445796,0.664
2011,Azerbaijan,-7.751150131225586,0.735
2011,Senegal,-3.2542901039123544,0.483
2011,Bulgaria,-4.636740207672119,0.794
2011,Netherlands,3.182509899139404,0.927
2011,Palestine,-7.830430030822754,0.696
2011,Antigua and Barbuda,-50.93632888793945,0.805
2011,Hong Kong,-4.851170063018798,0.921
2011,Armenia,-1.970939993858337,0.743
2011,Algeria,-1.4701000452041628,0.725
2011,Finland,2.5841898918151864,0.916
2011,Oman,-9.160599708557129,0.811
2011,Albania,-17.67609977722168,0.779
2011,Cameroon,-7.967390060424806,0.524
2011,Chile,-1.002140045166016,0.816
2011,DR Congo,-0.8279899954795839,0.432
2011,India,-0.6290400028228761,0.586
2011,Ukraine,0.06757000088691711,0.772
2011,Thailand,-0.23909999430179604,0.749
2011,Italy,1.505259990692139,0.883
2011,Eswatini,-48.820751190185554,0.514
2011,Iceland,-8.61236000061035,0.933
2011,Uzbekistan,-8.158610343933104,0.682
2011,Seychelles,-220.6349182128906,0.768
2011,Greece,0.5023099780082704,0.871
2011,Laos,-2.6507499217987056,0.569
2011,Brunei Darussalam,-46.076061248779304,0.829
2011,United Arab Emirates,35.32221984863281,0.835
2011,Lebanon,9.302700042724611,0.755
2011,Switzerland,11.54732990264893,0.94
2011,Viet Nam,-2.070869922637939,0.681
2011,El Salvador,-1.264539957046509,0.657
2011,Georgia,-5.952589988708495,0.771
2011,Malaysia,0.4069100022315979,0.771
2011,Spain,1.776379942893982,0.873
2011,Saudi Arabia,-2.675149917602539,0.816
2011,Slovenia,-0.5908499956130983,0.892
2011,Russia,1.318860054016113,0.807
2011,Belgium,5.506909847259521,0.914
2011,France,9.208310127258299,0.884
2011,Lithuania,-3.856950044631958,0.853
2011,Djibouti,-39.34112930297852,0.432
2011,Uganda,6.967810153961182,0.504
2011,Slovakia,-10.64315986633301,0.846
2011,Bosnia and Herzegovina,-5.828690052032471,0.723
2011,Congo,-31.416530609130856,0.584
2011,Qatar,21.345750808715817,0.83
2011,Côte d'Ivoire,-12.803480148315431,0.468
2011,Canada,5.042019844055176,0.914
2011,Denmark,5.414939880371094,0.927
2011,Tajikistan,-2.739569902420044,0.636
2011,Cape Verde,-34.267990112304695,0.657
2011,Poland,-0.292360007762909,0.851
2011,Singapore,12.97824954986572,0.924
2011,Sweden,4.129399776458739,0.912
2012,Hong Kong,-3.582890033721924,0.925
2012,Cape Verde,-36.059318542480476,0.657
2012,Algeria,-1.45455002784729,0.726
2012,Greece,-0.7736999988555909,0.87
2012,South Africa,3.5387499332427974,0.696
2012,Jordan,3.5541200637817383,0.736
2012,Malta,-6.3590898513793945,0.865
2012,Israel,-2.7688601016998287,0.891
2012,Malaysia,-0.2829999923706056,0.777
2012,Ukraine,0.2674599885940553,0.774
2012,Laos,-2.9822499752044673,0.578
2012,Mongolia,-5.25147008895874,0.72
2012,China,-1.830610036849976,0.715
2012,Iceland,-8.162730216979984,0.938
2012,Seychelles,-479,0.784
2012,Slovenia,-0.1317300051450729,0.892
2012,Netherlands,5.364389896392821,0.927
2012,Ireland,-3.87547993659973,0.907
2012,Zimbabwe,-17.345659255981445,0.522
2012,Kazakhstan,-4.044340133666991,0.781
2012,Cyprus,-61.5888214111328,0.862
2012,Mauritius,-16.195690155029297,0.774
2012,Sweden,2.333410024642944,0.912
2012,Viet Nam,-2.151730060577394,0.684
2012,Tajikistan,-2.7856600284576425,0.641
2012,Thailand,-0.23642000555992135,0.752
2012,Lebanon,6.858479976654052,0.757
2012,Marshall Islands,-18.120300292968746,0.659
2012,Azerbaijan,-6.576169967651368,0.739
2012,Ghana,-0.41578999161720287,0.583
2012,Tunisia,-4.799210071563722,0.716
2012,Spain,1.2678600549697878,0.875
2012,India,-0.5532000064849856,0.594
2012,Bulgaria,-4.847799777984619,0.798
2012,Saint Lucia,-47.59357833862306,0.731
2012,Rwanda,-7.829639911651611,0.501
2012,Albania,-13.86417007446289,0.789
2012,Guinea,-6.107359886169434,0.425
2012,Burkina Faso,-3.042350053787231,0.393
2012,Denmark,5.980169773101808,0.931
2012,Finland,3.0528500080108634,0.916
2012,Romania,-2.056329965591431,0.807
2012,Lesotho,-10.824480056762702,0.489
2012,Comoros,-72.44947814941405,0.538
2012,Dominican Republic,2.6231799125671396,0.718
2012,Mali,-5.6920199394226065,0.407
2012,Qatar,20.8618106842041,0.84
2012,Latvia,-3.796329975128174,0.837
2012,Canada,5.885119915008545,0.921
2012,Czechia,6.209030151367188,0.878
2012,Liechtenstein,-17.08333015441895,0.921
2012,Hungary,2.5186700820922847,0.833
2012,Niger,-14.087479591369632,0.352
2012,Brazil,-0.3229199945926667,0.732
2012,Switzerland,12.111379623413088,0.943
2012,Honduras,-1.0838299989700317,0.596
2012,Austria,10.288720130920408,0.909
2012,Norway,0.7698600292205812,0.941
2012,Senegal,1.9357299804687498,0.491
2012,Kyrgyzstan,1.5776599645614622,0.673
2012,Serbia,-1.470250010490417,0.78
2012,Central African Republic,3.0905599594116206,0.372
2012,Sri Lanka,-5.8764400482177725,0.747
2012,United Arab Emirates,37.533088684082024,0.841
2012,Bosnia and Herzegovina,-4.447020053863526,0.735
2012,Luxembourg,-86.09696197509767,0.917
2012,Iran,-1.0864499807357793,0.78
2012,Myanmar,-1.102620005607605,0.526
2012,Uzbekistan,-7.279669761657717,0.688
2012,Guyana,-18.685789108276367,0.669
2012,Moldova,-12.108920097351067,0.722
2012,Lithuania,-5.070660114288332,0.855
2012,Saudi Arabia,-1.8821599483489992,0.824
2012,Ecuador,-1.7121800184249878,0.75
2012,Republic of Korea,-1.4995100498199458,0.897
2012,France,9.023799896240236,0.885
2012,Croatia,-4.903079986572267,0.832
2012,Madagascar,-3.675960063934326,0.492
2012,Chile,-0.8292999863624574,0.824
2012,Singapore,10.53347015380859,0.926
2012,Turkey,-0.17177000641822812,0.772
2012,United Kingdom,16.067129135131832,0.91
2012,Slovakia,-10.81377983093262,0.846
2012,Brunei Darussalam,-38.31573867797852,0.836
2012,Cameroon,-7.050429821014404,0.535
2012,Antigua and Barbuda,-21.037950515747074,0.811
2012,Belgium,6.182600021362306,0.915
2012,Palestine,-8.810950279235842,0.702
2012,Russia,1.537199974060059,0.811
2012,Indonesia,-0.46917000412940985,0.682
2012,Georgia,-8.24847030639648,0.779
2012,Estonia,-4.267310142517089,0.876
2012,Poland,-0.12021999806165701,0.855
2012,Armenia,-2.4318599700927725,0.751
2012,Italy,1.554370045661926,0.881
2012,Belarus,-4.985899925231935,0.805
2012,Cuba,4.077250003814698,0.771
2012,El Salvador,-1.6749099493026731,0.661
2012,North Macedonia,-4.9306697845459,0.755
2013,Czechia,6.4450998306274405,0.884
2013,Israel,-0.9639099836349486,0.896
2013,Ireland,-1.765550017356873,0.911
2013,Honduras,-0.9187800288200377,0.602
2013,Germany,2.737329959869385,0.938
2013,Mongolia,-4.5509300231933585,0.73
2013,Turkey,0.182329997420311,0.802
2013,Algeria,-1.093899965286255,0.729
2013,Mauritius,-14.55035018920898,0.779
2013,Ghana,0.0304400008171797,0.587
2013,Latvia,-3.0251700878143315,0.846
2013,Hong Kong,-1.8249299526214597,0.928
2013,Azerbaijan,-9.526089668273926,0.745
2013,Italy,1.7145400047302253,0.88
2013,Slovenia,-0.05322000011801721,0.901
2013,Hungary,3.300750017166138,0.843
2013,Spain,1.333950042724609,0.88
2013,Denmark,8.307490348815922,0.933
2013,Andorra,-192.37918090820312,0.851
2013,El Salvador,-1.5971599817276,0.664
2013,Laos,-3.296329975128174,0.587
2013,Qatar,17.385900497436523,0.852
2013,Viet Nam,-2.328239917755127,0.689
2013,Iran,-0.9715700149536133,0.78
2013,Kazakhstan,-5.817649841308594,0.789
2013,Kyrgyzstan,1.8801599740982065,0.68
2013,Iceland,-8.336389541625978,0.942
2013,Madagascar,-2.6757700443267822,0.494
2013,South Africa,3.4031701087951665,0.705
2013,New Zealand,14.00570964813232,0.93
2013,Malta,-10.06840038299561,0.874
2013,Slovakia,-10.987719535827644,0.849
2013,United Arab Emirates,38.065990447998054,0.847
2013,Sweden,1.6905499696731574,0.932
2013,Republic of Korea,-1.745280027389526,0.902
2013,Norway,-3.4892098903656006,0.945
2013,Eswatini,-34.429691314697266,0.546
2013,Poland,0.23566000163555148,0.865
2013,Chile,-0.8458999991416932,0.837
2013,Switzerland,12.484279632568361,0.947
2013,Oman,-8.487400054931644,0.814
2013,Lithuania,-5.080939769744873,0.858
2013,Serbia,-1.5639599561691278,0.785
2013,Senegal,5.43390989303589,0.497
2013,Ukraine,0.32449001073837275,0.774
2013,India,-0.5546299815177917,0.6
2013,North Macedonia,-4.345600128173829,0.763
2013,United States,3.5479199886322026,0.922
2013,Saint Lucia,-24.461669921874996,0.723
2013,Egypt,0.9596499800682069,0.684
2013,Saudi Arabia,-0.9463400244712831,0.831
2013,Cyprus,-67.43939208984376,0.863
2013,Uzbekistan,-7.618490219116209,0.693
2013,Finland,4.389840126037598,0.926
2013,Estonia,-3.553679943084717,0.881
2013,Seychelles,-198.73950195312497,0.786
2013,Mali,-6.740180015563966,0.404
2013,Burundi,1.6917799711227421,0.416
2013,France,6.495779991149902,0.888
2013,Cape Verde,-32.07836151123046,0.664
2013,Moldova,-13.465180397033693,0.726
2013,Mexico,-0.6069999933242799,0.761
2013,China,-1.8262300491333012,0.723
2013,Bosnia and Herzegovina,-3.0779600143432617,0.745
2013,Austria,13.025090217590332,0.907
2013,United Kingdom,16.26305961608887,0.923
2013,Bulgaria,-4.678490161895751,0.804
2013,Japan,2.650259971618652,0.909
2013,Sri Lanka,-5.111460208892822,0.752
2013,Croatia,-4.878419876098632,0.839
2013,Romania,-1.779970049858093,0.811
2013,Mozambique,-1.1004999876022339,0.432
2013,Belgium,7.388510227203368,0.917
2013,Congo,-23.892320632934567,0.6
2013,Canada,6.7185702323913565,0.923
2013,DR Congo,-0.6593999862670898,0.44
2013,Palestine,-9.88195037841797,0.704
2013,Georgia,-3.336699962615967,0.784
2013,Rwanda,-7.6633801460266096,0.502
2013,Burkina Faso,-3.0709800720214844,0.399
2013,Tajikistan,-4.44924020767212,0.647
2013,Morocco,-4.295370101928711,0.636
2013,Lesotho,-11.527440071105962,0.494
2013,Cuba,3.9195098876953134,0.766
2013,Belarus,-4.37823009490967,0.806
2013,Greece,-0.9613500237464905,0.874
2013,Armenia,-3.187309980392457,0.757
2013,Tunisia,-3.202199935913086,0.719
2014,Palestine,-11.45582008361816,0.698
2014,Lebanon,1.5522799491882322,0.755
2014,Iran,-0.843840003013611,0.783
2014,Belgium,8.593899726867676,0.922
2014,United States,3.8795199394226065,0.923
2014,Madagascar,-2.0844900608062744,0.497
2014,Saint Lucia,-10.03534030914307,0.727
2014,North Macedonia,-3.476850032806396,0.769
2014,Azerbaijan,-14.4446496963501,0.749
2014,Republic of Korea,-1.7376600503921507,0.906
2014,Botswana,-3.6460599899291983,0.683
2014,Ukraine,0.47106000781059276,0.774
2014,Senegal,6.18203020095825,0.501
2014,Japan,2.557899951934814,0.91
2014,Bosnia and Herzegovina,-2.0889499187469482,0.751
2014,Romania,-1.588199973106384,0.811
2014,Iceland,-6.346409797668457,0.946
2014,United Arab Emirates,38.22940826416016,0.853
2014,Tajikistan,-5.623179912567139,0.649
2014,South Africa,3.3740398883819585,0.714
2014,Ghana,0.9098799824714662,0.582
2014,Ireland,-0.558080017566681,0.918
2014,United Kingdom,16.94302940368652,0.924
2014,Liechtenstein,-31.445779800415032,0.923
2014,Cuba,3.6182799339294425,0.766
2014,Belarus,-3.8985400199890137,0.81
2014,Rwanda,-7.134379863739014,0.507
2014,Israel,-0.9582099914550782,0.899
2014,Burkina Faso,-4.7285799980163565,0.403
2014,Canada,7.398940086364746,0.925
2014,Moldova,-16.11862945556641,0.749
2014,Serbia,-2.12396001815796,0.787
2014,Mauritius,-14.489459991455082,0.788
2014,Finland,4.547500133514404,0.928
2014,New Zealand,16.787250518798828,0.931
2014,India,-0.5841000080108643,0.611
2014,Italy,1.7597999572753906,0.882
2014,Norway,-3.4344298839569087,0.949
2014,Slovakia,-10.588620185852047,0.851
2014,Sri Lanka,-5.089809894561769,0.757
2014,Colombia,-1.3931499719619753,0.755
2014,Egypt,0.9396600127220155,0.688
2014,Honduras,-1.1566900014877322,0.603
2014,Afghanistan,-7.464409828186034,0.48
2014,Estonia,-3.266779899597168,0.879
2014,Latvia,-1.7218500375747678,0.85
2014,Hungary,4.140470027923584,0.84
2014,Bahrain,-0.010499999858439,0.839
2014,Slovenia,-0.0176599994301796,0.903
2014,Brunei Darussalam,-27.63903999328613,0.834
2014,Dominican Republic,1.387380003929138,0.728
2014,Chile,-0.8247699737548829,0.841
2014,Armenia,-2.677510023117065,0.764
2014,Seychelles,-93.51464080810548,0.796
2014,Saint Kitts and Nevis,61.24303817749023,0.827
2014,Sweden,1.8109500408172612,0.935
2014,Croatia,-4.933129787445069,0.842
2014,Namibia,-1.3648999929428098,0.619
2014,Cape Verde,-22.3408203125,0.663
2014,Russia,2.2502601146697994,0.818
2014,Comoros,-80.05847167968749,0.551
2014,Côte d'Ivoire,-4.359670162200929,0.499
2014,Mali,-8.066209793090819,0.41
2014,Hong Kong,-1.314260005950928,0.932
2014,Algeria,-1.0228999853134157,0.732
2014,Laos,-2.1482200622558594,0.597
2014,Malaysia,3.292119979858398,0.787
2014,Malta,-3.909600019454956,0.881
2014,Poland,0.6154000163078308,0.867
2014,Lesotho,-11.96432018280029,0.5
2014,Cyprus,-62.97439956665038,0.867
2014,Denmark,8.11946964263916,0.932
2014,China,-1.5783599615097055,0.732
2014,Turkmenistan,-106.85640716552729,0.719
2014,Kyrgyzstan,1.3821300268173222,0.686
2014,Oman,-8.340729713439943,0.818
2014,Benin,2.932369947433472,0.506
2014,Brazil,-0.3230899870395661,0.753
2014,Turkey,0.05466999858617781,0.812
2014,Qatar,21.67888069152832,0.85
2014,Austria,11.557720184326168,0.911
2014,Germany,3.1602499485015874,0.942
2014,El Salvador,-1.489570021629333,0.663
2014,Mongolia,-4.8377599716186515,0.735
2014,Czechia,6.8748998641967765,0.889
2014,Saudi Arabia,-0.830139994621277,0.836
2014,Morocco,-3.575340032577515,0.645
2014,Mozambique,-0.9235799908638,0.438
2014,Kazakhstan,-7.7013897895813,0.794
2014,Switzerland,12.84679985046387,0.951
2014,Viet Nam,-2.114720106124878,0.693
2014,Bulgaria,-4.672180175781249,0.807
2014,France,6.405970096588136,0.892
2014,Uzbekistan,-9.765680313110353,0.698
2015,Uzbekistan,-10.42658042907715,0.701
2015,Tunisia,-3.8521499633789054,0.724
2015,Slovakia,-11.192580223083501,0.852
2015,Australia,14.83067035675049,0.933
2015,Colombia,-1.38561999797821,0.758
2015,Cape Verde,-23.265270233154293,0.658
2015,Namibia,-2.123680114746094,0.627
2015,Niger,-8.332530021667482,0.367
2015,Georgia,-3.204499959945679,0.798
2015,Mauritania,-20.673080444335938,0.536
2015,Cyprus,-51.173118591308594,0.874
2015,Ireland,0.3457100093364716,0.924
2015,Moldova,-15.482430458068853,0.749
2015,Bosnia and Herzegovina,-2.7388799190521236,0.757
2015,Japan,2.6374399662017822,0.913
2015,Mongolia,-4.725969791412355,0.739
2015,Ecuador,-1.6258399486541748,0.764
2015,Malta,-2.678570032119751,0.887
2015,Palestine,-11.920749664306642,0.71
2015,Austria,11.82575035095215,0.91
2015,Tajikistan,-6.148670196533203,0.651
2015,Saudi Arabia,-0.8615199923515321,0.842
2015,Jordan,5.752200126647948,0.738
2015,Estonia,-2.6696100234985347,0.883
2015,Saint Lucia,-11.011480331420902,0.736
2015,Botswana,-3.690799951553345,0.688
2015,Lesotho,-12.41691017150879,0.508
2015,Germany,3.749500036239624,0.941
2015,Laos,-2.4686799049377437,0.604
2015,El Salvador,-1.7681599855422971,0.663
2015,United Kingdom,17.137500762939453,0.923
2015,Poland,1.2085499763488772,0.869
2015,Brazil,-0.36871001124382025,0.752
2015,Rwanda,-5.389929771423341,0.509
2015,Brunei Darussalam,-26.937240600585934,0.832
2015,Oman,-9.249529838562013,0.824
2015,France,6.2996301651000985,0.893
2015,Latvia,-0.6345999836921692,0.853
2015,Kazakhstan,-10.369779586791992,0.799
2015,Turkey,0.4374200105667114,0.821
2015,Iran,-0.7781199812889098,0.782
2015,New Zealand,19.184000015258793,0.933
2015,Dominican Republic,1.2014100551605218,0.739
2015,Indonesia,-0.5330100059509275,0.698
2015,Italy,1.613209962844849,0.881
2015,North Macedonia,-3.9532299041748042,0.777
2015,Ghana,1.0808700323104858,0.586
2015,Honduras,-1.2094000577926636,0.61
2015,Sri Lanka,-5.306489944458008,0.76
2015,South Africa,3.253809928894043,0.721
2015,Slovenia,-0.43683001399040233,0.903
2015,Denmark,8.67488956451416,0.936
2015,Kyrgyzstan,1.231809973716736,0.689
2015,Morocco,-3.3749599456787105,0.656
2015,Croatia,-4.9499502182006845,0.844
2015,Netherlands,8.422610282897951,0.932
2015,Chile,-0.7868899703025818,0.846
2015,Malaysia,3.587769985198975,0.792
2015,Andorra,-227.94410705566415,0.856
2015,Viet Nam,-2.641690015792847,0.697
2015,Grenada,63.00345993041993,0.786
2015,United Arab Emirates,39.938568115234375,0.86
2015,Lebanon,3.0484900474548344,0.756
2015,Madagascar,-1.9792799949645998,0.499
2015,Qatar,18.00402069091797,0.852
2015,Norway,-3.3676199913024902,0.952
2015,Czechia,7.381000041961671,0.891
2015,Ukraine,-0.5980799794197084,0.764
2015,Romania,-1.7034900188446036,0.813
2015,United States,4.231989860534669,0.924
2015,Azerbaijan,-17.52615928649902,0.751
2015,Burundi,-1.6925300359725952,0.42
2015,Côte d'Ivoire,-4.2135300636291495,0.501
2015,Lithuania,-4.4983601570129395,0.865
2015,Benin,3.04800009727478,0.509
2015,Algeria,-0.9696999788284303,0.736
2015,Finland,4.563640117645265,0.93
2015,Burkina Faso,-3.7381300926208505,0.413
2015,Switzerland,12.859230041503913,0.952
2015,Sweden,2.1626100540161133,0.937
2015,Bulgaria,-4.477819919586182,0.809
2015,Republic of Korea,-1.63155996799469,0.908
2015,Bahrain,-0.11824999749660489,0.859
2015,Seychelles,-40.19324111938477,0.797
2015,Belarus,-2.7289199829101567,0.809
2015,Luxembourg,-100,0.914
2015,Liechtenstein,-46.26667022705079,0.926
2015,Hong Kong,-1.491750001907349,0.936
2015,Senegal,7.250030040740967,0.501
2015,Zimbabwe,-12.126130104064941,0.544
2015,India,-0.6697999835014343,0.619
2015,Mauritius,-15.700670242309569,0.791
2015,Russia,2.5639200210571294,0.823
2015,Armenia,-2.9660398960113534,0.769
2015,Hungary,3.595370054244995,0.839
2015,Belgium,8.506669998168949,0.924
2015,Mexico,-0.572539985179901,0.769
2015,Canada,7.779940128326416,0.927
2015,Mali,-9.291640281677246,0.409
2015,Cuba,3.3559899330139156,0.765
2015,China,-1.6036200523376456,0.741
2015,Serbia,-1.593829989433289,0.794
2015,Portugal,1.3818999528884888,0.85
2016,Estonia,-1.0686600208282473,0.884
2016,Mexico,-0.4835500121116638,0.773
2016,Côte d'Ivoire,-4.3761000633239755,0.506
2016,Botswana,-3.3428299427032466,0.697
2016,Czechia,8.140919685363768,0.894
2016,Georgia,-1.681669950485229,0.802
2016,Saint Lucia,-2.3307099342346183,0.744
2016,Senegal,-0.2247799932956696,0.51
2016,Mongolia,-5.350309848785399,0.741
2016,Benin,3.5312700271606445,0.508
2016,Namibia,-2.7748301029205327,0.631
2016,Switzerland,13.04222965240479,0.954
2016,Jordan,7.110670089721681,0.74
2016,Andorra,-214.78102111816412,0.859
2016,Rwanda,-4.940050125122071,0.518
2016,Malta,0.7502400279045106,0.887
2016,United Kingdom,16.650789260864258,0.926
2016,DR Congo,-1.711079955101013,0.466
2016,France,6.229690074920655,0.896
2016,Iran,-0.7835599780082703,0.785
2016,Burkina Faso,-3.0867300033569345,0.422
2016,Kenya,-1.7111699581146236,0.586
2016,Romania,-1.51826000213623,0.815
2016,Italy,1.399379968643188,0.886
2016,Serbia,-1.717219948768616,0.8
2016,Sri Lanka,-6.009759902954103,0.765
2016,China,-1.661769986152649,0.749
2016,Indonesia,-0.5266299843788148,0.701
2016,Denmark,9.197899818420412,0.943
2016,Spain,0.5943999886512755,0.894
2016,Netherlands,8.708930015563967,0.933
2016,Dominican Republic,1.1825599670410163,0.759
2016,Ukraine,-1.3775000572204588,0.767
2016,Slovakia,-13.0882396697998,0.855
2016,Cameroon,-8.295339584350584,0.566
2016,Chile,-0.7430300116539001,0.851
2016,India,-0.8046900033950808,0.63
2016,Mauritius,-15.634659767150877,0.794
2016,Thailand,0.03310000151395801,0.793
2016,Qatar,15.75492000579834,0.853
2016,Tunisia,-4.902780055999756,0.728
2016,Luxembourg,-105.27754211425778,0.922
2016,Canada,8.7173004150390625,0.928
2016,Germany,4.156239986419679,0.941
2016,Kazakhstan,-12.458020210266112,0.797
2016,Cyprus,-43.89670181274414,0.881
2016,Liechtenstein,-43.92765045166014,0.925
2016,Bosnia and Herzegovina,-4.112180233001707,0.767
2016,United States,4.600339889526367,0.926
2016,Armenia,-3.1327199935913086,0.773
2016,Croatia,-5.26550006866455,0.85
2016,Oman,-9.672840118408207,0.832
2016,Colombia,-1.3989100456237793,0.763
2016,Turkey,0.6331899762153625,0.826
2016,Iceland,-7.536310195922853,0.951
2016,Australia,16.8172492980957,0.936
2016,Burundi,-3.9177799224853525,0.423
2016,Madagascar,-1.9619400501251216,0.501
2016,Morocco,-3.139060020446777,0.662
2016,Japan,2.9062399864196777,0.914
2016,New Zealand,17.776800155639652,0.935
2016,Ireland,1.4491000175476068,0.929
2016,United Arab Emirates,41.20449066162109,0.866
2016,Belarus,-2.076370000839233,0.809
2016,Niger,-6.016660213470459,0.372
2016,Mozambique,-0.9684900045394897,0.448
2016,Laos,-4.766220092773439,0.61
2016,Brunei Darussalam,-28.8374195098877,0.83
2016,Argentina,2.224760055541993,0.848
2016,South Africa,3.3210699558258057,0.711
2016,Viet Nam,-3.3392300605773935,0.702
2016,Finland,4.380420207977294,0.931
2016,Uzbekistan,-12.113869667053219,0.709
2016,Hungary,4.91657018661499,0.843
2016,Poland,1.9060599803924558,0.872
2016,Lithuania,-3.8890800476074228,0.87
2016,Austria,12.155520439147953,0.913
2016,Brazil,-0.384550005197525,0.753
2016,El Salvador,-1.865100026130676,0.664
2016,Latvia,1.016819953918457,0.858
2016,Grenada,63.7443618774414,0.787
2016,Bahrain,-1.679409980773926,0.862
2016,Azerbaijan,-19.255409240722653,0.752
2016,Seychelles,-41.25,0.798
2016,Malaysia,4.417940139770508,0.798
2016,Palestine,-12.91281032562256,0.715
2016,Norway,-2.8769299983978267,0.956
2016,Bulgaria,-4.472320079803468,0.81
2016,Cape Verde,-26.0972900390625,0.664
2016,Honduras,-0.7657999992370605,0.615
2016,Egypt,0.7053800225257875,0.702
2016,Hong Kong,-1.770799994468689,0.939
2016,Moldova,-15.98363018035889,0.755
2016,Slovenia,-0.26980999112129217,0.909
2016,Lebanon,1.5519200563430788,0.76
2016,Tajikistan,-7.776860237121582,0.655
2016,Greece,-1.6882599592208862,0.877
2016,Kyrgyzstan,1.336120009422302,0.692
2016,Ghana,0.4970099925994873,0.586
2016,Saudi Arabia,-0.6400200128555299,0.846
2016,Cuba,3.3130199909210205,0.763
2016,Mauritania,-20.754440307617188,0.532
2016,Belgium,9.237019538879396,0.927
2016,Republic of Korea,-1.360309958457947,0.912
2016,Algeria,-1.0228600502014158,0.738
2016,Russia,3.0158400535583496,0.826
2016,Sweden,2.5129799842834464,0.939
2017,Grenada,65.99868774414064,0.786
2017,Bulgaria,-4.538340091705323,0.81
2017,Moldova,-15.435509681701662,0.764
2017,Saudi Arabia,-0.35100001096725464,0.849
2017,Cuba,2.852289915084838,0.764
2017,Senegal,0.42917999625206,0.511
2017,Burundi,-3.2477600574493417,0.422
2017,Czechia,8.802319526672365,0.896
2017,Norway,-3.0843999385833745,0.959
2017,Cyprus,-30.941389083862294,0.891
2017,Ireland,2.1819200515747075,0.934
2017,Argentina,2.561670064926147,0.853
2017,Benin,1.1428300142288212,0.505
2017,Poland,2.500639915466309,0.874
2017,Mauritania,-22.089719772338864,0.536
2017,Oman,-10.91608047485352,0.833
2017,Uzbekistan,-12.233039855957031,0.714
2017,Samoa,-39.78858184814453,0.714
2017,Namibia,-3.0189499855041495,0.634
2017,United States,4.723700046539307,0.928
2017,Republic of Korea,-1.1049900054931638,0.915
2017,Austria,12.723310470581048,0.914
2017,Bosnia and Herzegovina,-7.9828200340271005,0.77
2017,Hong Kong,-0.7448999881744386,0.946
2017,India,-0.8834999799728394,0.636
2017,Ukraine,-1.506760001182556,0.771
2017,Andorra,-215.9322052001953,0.86
2017,Palestine,-11.456139564514162,0.718
2017,Costa Rica,-0.04738000035285949,0.8
2017,Laos,-4.156680107116698,0.612
2017,Spain,1.1600899696350104,0.896
2017,Seychelles,-36.995521545410156,0.798
2017,Cape Verde,-26.643100738525384,0.668
2017,Greece,-1.7548999786376949,0.88
2017,Lebanon,0.7817900180816649,0.765
2017,Mauritius,-16.82625007629395,0.797
2017,Honduras,-0.611329972743988,0.614
2017,Sweden,2.8617100715637207,0.941
2017,Estonia,0.0453700013458729,0.886
2017,Lithuania,-3.675420045852661,0.878
2017,Canada,9.868000030517578,0.929
2017,Romania,-1.603880047798157,0.823
2017,Tunisia,-5.658669948577881,0.732
2017,Côte d'Ivoire,-4.2108402252197275,0.515
2017,Italy,1.236760020256042,0.889
2017,Lesotho,-13.064860343933109,0.522
2017,Serbia,-1.7508100271224978,0.802
2017,Rwanda,-4.139999866485595,0.52
2017,New Zealand,17.82179069519043,0.935
2017,Brazil,-0.4389800131320954,0.758
2017,El Salvador,-1.9261499643325812,0.667
2017,Hungary,5.654349803924561,0.846
2017,Burkina Faso,-2.725699901580811,0.432
2017,France,6.459969997406007,0.899
2017,Iceland,-7.853290081024172,0.955
2017,Georgia,-2.3133399486541752,0.807
2017,Brunei Darussalam,-25.04096984863281,0.829
2017,Germany,4.395579814910889,0.944
2017,Finland,4.46590995788574,0.934
2017,Qatar,14.23089981079102,0.862
2017,Iran,-0.7898499965667727,0.788
2017,Armenia,-1.315359950065613,0.775
2017,Luxembourg,-109.4219284057617,0.918
2017,Russia,3.2878499031066886,0.827
2017,Botswana,-2.7971000671386728,0.705
2017,Slovakia,-13.89957046508789,0.857
2017,Chile,-0.8896700143814088,0.854
2017,Kenya,-1.744470000267029,0.591
2017,Tajikistan,-6.604479789733888,0.659
2017,Sri Lanka,-6.725069999694826,0.77
2017,Belarus,-1.1584600210189822,0.811
2017,Mexico,-0.2053200006484985,0.776
2017,China,-1.7477300167083738,0.757
2017,Japan,3.441289901733398,0.916
2017,Turkey,0.8666099905967715,0.833
2017,Belgium,5.685510158538817,0.931
2017,North Macedonia,-4.191060066223145,0.789
2017,Indonesia,-0.5134299993515016,0.708
2017,South Africa,3.0963699817657466,0.725
2017,Kyrgyzstan,1.6172800064086912,0.695
2017,Madagascar,-1.7237900495529168,0.502
2017,Malta,0.8873500227928162,0.896
2017,Saint Lucia,-11.08032989501953,0.742
2017,Niger,-4.6392202377319345,0.377
2017,Bahrain,-0.6671800017356871,0.867
2017,Ghana,-0.417360007762909,0.585
2017,Latvia,0.9817399978637695,0.863
2017,Portugal,2.3273398876190194,0.857
2017,Azerbaijan,-18.680280685424798,0.754
2017,Australia,20.713779449462887,0.937
2017,Kazakhstan,-11.332859992980962,0.802
2017,Mozambique,-1.165719985961914,0.45
2017,Mongolia,-5.765629768371582,0.742
2017,Jordan,5.191539764404297,0.744
2017,Colombia,-1.673290014266968,0.765
2017,Switzerland,12.972279548645021,0.955
2017,Croatia,-2.97281002998352,0.855
2017,Slovenia,-0.29291000962257396,0.912
2017,Malaysia,2.961260080337524,0.8
2017,Algeria,-1.1102999448776252,0.738
2017,Netherlands,8.88737964630127,0.936
2017,Cameroon,-7.725170135498047,0.574
2017,Dominican Republic,0.9307799935340884,0.761
2017,Liechtenstein,-41.802249908447266,0.934
2017,Denmark,9.054070472717285,0.944
2017,United Kingdom,16.414749145507805,0.929
2017,Morocco,-3.085900068283081,0.671
2018,Morocco,-3.0770900249481197,0.677
2018,Latvia,2.8847301006317143,0.868
2018,Ireland,3.1587200164794926,0.938
2018,Japan,3.9016799926757804,0.917
2018,Madagascar,-1.8690999746322632,0.502
2018,Ghana,-1.429589986801147,0.589
2018,Colombia,-1.871230006217957,0.766
2018,Ukraine,-1.79272997379303,0.771
2018,San Marino,-37.48308944702147,0.859
2018,Iceland,-10.5018196105957,0.958
2018,Palestine,-12.355620384216312,0.722
2018,Australia,25.70713996887207,0.941
2018,United Kingdom,16.73345947265625,0.928
2018,Romania,-1.5651199817657473,0.829
2018,Georgia,-0.29638001322746294,0.816
2018,Norway,-1.7337499856948848,0.96
2018,Cape Verde,-30.259889602661126,0.664
2018,Brazil,-0.5593100190162658,0.762
2018,Cameroon,-5.189050197601318,0.581
2018,Hong Kong,0.24770000576972964,0.949
2018,Argentina,3.156539916992188,0.852
2018,Samoa,-38.30039978027344,0.713
2018,Sweden,3.4651401042938224,0.943
2018,Republic of Korea,-0.5495499968528749,0.918
2018,Hungary,6.868179798126221,0.85
2018,Albania,-12.736570358276369,0.797
2018,Iran,-1.004390001296997,0.787
2018,Estonia,1.4986900091171258,0.89
2018,Spain,1.3940299749374392,0.899
2018,Switzerland,12.320409774780272,0.957
2018,Poland,1.8742100000381472,0.876
2018,Grenada,79.88121032714845,0.79
2018,Sri Lanka,-7.622819900512694,0.774
2018,Malta,2.4507200717926034,0.903
2018,Turkey,1.028489947319031,0.838
2018,Liechtenstein,-39.317249298095696,0.928
2018,India,-0.9666299819946288,0.636
2018,Niger,-2.629640102386475,0.383
2018,Mongolia,-6.671259880065918,0.754
2018,South Africa,2.5666499137878414,0.731
2018,Germany,6.04857015609741,0.946
2018,Serbia,-1.6898800134658811,0.808
2018,Austria,12.49431037902832,0.917
2018,Jordan,5.6812801361083975,0.742
2018,Saudi Arabia,-0.21185000240802762,0.856
2018,Qatar,7.401690006256105,0.866
2018,Canada,10.857709884643551,0.93
2018,Honduras,-0.7575600147247313,0.614
2018,Mexico,-0.5784800052642822,0.779
2018,United States,4.757979869842528,0.93
2018,Senegal,0.29315999150276184,0.515
2018,Azerbaijan,-19.68506050109863,0.757
2018,Costa Rica,-0.3823100030422212,0.804
2018,Tunisia,-6.562089920043944,0.737
2018,Namibia,-4.511209964752198,0.635
2018,Bahrain,0.48063999414443975,0.88
2018,El Salvador,-1.7728500366210942,0.673
2018,Uzbekistan,-13.89828968048096,0.719
2018,Italy,1.6050200462341309,0.894
2018,Cuba,2.5571899414062504,0.765
2018,Moldova,-18.923660278320302,0.767
2018,Croatia,-2.8757600784301762,0.86
2018,France,4.9661898612976065,0.903
2018,Czechia,9.857279777526855,0.893
2018,Luxembourg,-116.75421905517582,0.921
2018,Slovenia,0.29137000441551214,0.916
2018,Chile,-0.8754100203514099,0.856
2018,Laos,-5.804299831390381,0.613
2018,Lebanon,1.414270043373108,0.764
2018,Brunei Darussalam,-20.74101066589355,0.826
2018,Kazakhstan,-11.6742696762085,0.804
2018,Seychelles,-49.24309921264647,0.804
2018,Denmark,8.794380187988281,0.942
2018,Russia,3.547149896621704,0.836
2018,North Macedonia,-4.34369993209839,0.796
2018,Indonesia,-0.5492299795150758,0.712
2018,Lesotho,-13.66162967681885,0.525
2018,New Zealand,17.797269821166985,0.936
2018,Saint Lucia,-25.614660263061523,0.744
2018,Cyprus,-32.28392028808595,0.896
2018,Greece,-1.667029976844788,0.886
2018,Burkina Faso,-2.881289958953857,0.443
2018,Armenia,-1.9097900390624998,0.781
2018,Finland,4.205200195312502,0.936
2018,Portugal,3.658070087432861,0.858
2018,Algeria,-1.333559989929199,0.74
2018,China,-1.823400020599365,0.766
2018,Belarus,-1.5067000389099119,0.812
2018,Benin,-1.2565200328826898,0.506
2018,Bulgaria,-4.199120044708251,0.811
2018,Ecuador,-2.2390699386596675,0.761
2018,Netherlands,9.721690177917479,0.939
2018,Slovakia,-13.74275970458984,0.86
2018,Myanmar,-1.099009990692139,0.595
2018,Belgium,7.375319957733154,0.933
2018,Bosnia and Herzegovina,-8.743769645690918,0.774
2018,Rwanda,-2.596649885177612,0.522
2018,Burundi,-3.7688999176025395,0.421
2018,Mozambique,-1.077919960021973,0.458
2018,Oman,-10.895239830017093,0.838
2018,Andorra,-200.7949066162109,0.863
2018,Kyrgyzstan,1.7051500082015991,0.698
2018,Lithuania,-3.472909927368163,0.882
2019,Bulgaria,-3.6166899204254146,0.813
2019,Kyrgyzstan,3.0179300308227544,0.699
2019,Belarus,-1.3544199466705322,0.81
2019,Slovakia,-6.667190074920653,0.863
2019,Moldova,-15.14214038848877,0.773
2019,Portugal,3.918999910354614,0.864
2019,Ecuador,-2.323319911956787,0.758
2019,Colombia,-1.994570016860962,0.768
2019,Madagascar,-1.192690014839172,0.498
2019,Iceland,-6.339839935302735,0.958
2019,Croatia,-2.713789939880371,0.866
2019,Azerbaijan,-18.018220901489258,0.762
2019,Saudi Arabia,0.37095001339912415,0.862
2019,Guatemala,-0.5759400129318238,0.645
2019,Palestine,-12.79512023925781,0.739
2019,Armenia,-1.477949976921082,0.789
2019,South Africa,2.392980098724365,0.741
2019,Mexico,-0.019039999693632098,0.781
2019,Brunei Darussalam,-15.184379577636719,0.827
2019,El Salvador,-1.9365099668502812,0.676
2019,Slovenia,0.6882399916648866,0.918
2019,Georgia,1.640589952468872,0.816
2019,Serbia,-0.8784000277519225,0.812
2019,Laos,-7.719409942626952,0.617
2019,India,-1.1763000488281252,0.638
2019,Andorra,-195.57661437988276,0.865
2019,Brazil,-0.6732100248336791,0.764
2019,Burkina Faso,-3.0255899429321294,0.446
2019,United Arab Emirates,71.70783233642575,0.933
2019,Cyprus,-26.042100906372067,0.901
2019,Austria,12.41582012176514,0.92
2019,Japan,4.407189846038817,0.918
2019,Germany,6.388050079345701,0.951
2019,Mongolia,-7.077559947967528,0.749
2019,France,5.338930130004883,0.905
2019,Finland,4.2149100303649885,0.939
2019,Costa Rica,-0.3570599853992463,0.811
2019,Sweden,3.3851699829101562,0.947
2019,Republic of Korea,-0.08973000198602682,0.922
2019,Belgium,6.849800109863281,0.936
2019,Turkmenistan,-96.29231262207031,0.732
2019,Lithuania,-3.374850034713744,0.886
2019,New Zealand,18.72606086730957,0.937
2019,Rwanda,-4.0511298179626465,0.531
2019,United States,4.646130084991455,0.933
2019,Botswana,-2.861579895019531,0.703
2019,Qatar,10.715209960937498,0.869
2019,Greece,-1.486320018768311,0.89
2019,Chile,-0.5564600229263305,0.859
2019,Russia,4.0356202125549325,0.839
2019,Seychelles,-49.7152214050293,0.808
2019,Luxembourg,-121.8107604980469,0.925
2019,Ireland,4.0290398597717285,0.942
2019,Romania,-0.1789200007915497,0.834
2019,Spain,1.6327899694442753,0.904
2019,Poland,2.0708899497985835,0.88
2019,United Kingdom,17.1702709197998,0.933
2019,Norway,-1.6875,0.961
2019,Saint Lucia,-16.666669845581044,0.733
2019,Lebanon,1.906919956207275,0.76
2019,Benin,-3.308589935302734,0.506
2019,Honduras,-0.9411799907684326,0.629
2019,Albania,-6.364940166473388,0.8
2019,Ghana,-2.0874800682067876,0.599
2019,Viet Nam,-6.016389846801757,0.717
2019,Argentina,3.2241199016571045,0.853
2019,Malaysia,1.752599954605103,0.805
2019,Bahrain,2.989850044250488,0.888
2019,Niger,-3.6187300682067876,0.39
2019,Estonia,3.1351599693298335,0.893
2019,Samoa,-37.07818984985352,0.712
2019,China,-1.8274999856948848,0.775
2019,Bosnia and Herzegovina,-9.824080467224121,0.78
2019,Namibia,-3.0201098918914795,0.638
2019,Liechtenstein,-43.029640197753906,0.94
2019,Czechia,10.640910148620609,0.896
2019,Hungary,7.995779991149902,0.854
2019,Australia,27.63298034667969,0.941
2019,Côte d'Ivoire,-3.939460039138793,0.529
2019,Ukraine,-1.3870899677276611,0.774
2019,Hong Kong,2.138060092926025,0.953
2019,Jordan,3.9990799427032466,0.744
2019,Kenya,-1.822360038757324,0.604
2019,Kazakhstan,-9.724760055541992,0.81
2019,North Macedonia,-4.3062500953674325,0.787
2019,Denmark,8.596839904785156,0.946
2019,Iran,-1.1295800209045412,0.785
2019,Turkey,1.380220055580139,0.842
2019,San Marino,-1037.7491455078127,0.861
2019,Morocco,-3.0906400680541988,0.684
2019,Marshall Islands,-5.751629829406738,0.722
2019,Cuba,2.1925699710845947,0.766
2019,Malta,5.015190124511719,0.905
2019,Oman,-10.432609558105472,0.841
2019,Mauritania,-18.853820800781246,0.552
2019,Canada,13.37331962585449,0.932
2019,Switzerland,12.231369972228999,0.96
2019,Latvia,4.232470035552979,0.873
2019,Algeria,-1.4592100381851199,0.742
2019,Italy,-1.3043400049209593,0.899
2019,Senegal,-0.1116800010204315,0.514
2019,Sri Lanka,-8.267459869384767,0.775
2020,Rwanda,-2.6117000579833984,0.535
2020,Senegal,-0.48511999845504766,0.514
2020,Burkina Faso,-2.9681799411773686,0.446
2020,Tunisia,-6.199150085449219,0.734
2020,Ghana,-2.3913900852203374,0.601
2020,Slovakia,-12.02756977081299,0.86
2020,Ireland,3.786279916763306,0.945
2020,Seychelles,-68.57450866699219,0.799
2020,Algeria,-1.462739944458008,0.73
2020,Saudi Arabia,0.6317800283432007,0.861
2020,Turkmenistan,-95.32433319091797,0.731
2020,India,-1.2841700315475462,0.638
2020,Luxembourg,-122.3804397583008,0.921
2020,Bulgaria,-3.358220100402832,0.802
2020,Oman,-10.100259780883789,0.823
2020,Brazil,-0.7439500093460083,0.758
2020,Japan,4.8842501640319815,0.917
2020,Palestine,-13.195289611816412,0.715
2020,Morocco,-3.190299987792969,0.683
2020,Poland,2.559170007705688,0.874
2020,Chad,-11.562700271606452,0.396
2020,Azerbaijan,-17.047859191894535,0.722
2020,Malta,7.047619819641112,0.901
2020,Afghanistan,-7.42494010925293,0.488
2020,United Arab Emirates,68.00650024414064,0.93
2020,China,-1.7331299781799316,0.781
2020,Moldova,-13.46662044525146,0.765
2020,Kazakhstan,-6.704689979553223,0.806
2020,Mexico,0.17599999904632577,0.757
2020,Israel,-1.3001500368118295,0.906
2020,Chile,-0.4469699859619142,0.849
2020,Ukraine,-1.237980008125305,0.762
2020,Egypt,-0.36125001311302185,0.729
2020,Mauritania,-18.875799179077145,0.539
2020,Belarus,-0.9295300245285035,0.8
2020,Dominican Republic,1.141319990158081,0.76
2020,Thailand,-0.3877800107002258,0.8
2020,Panama,0.8592399954795839,0.809
2020,Côte d'Ivoire,-4.465479850769042,0.53
2020,Madagascar,-2.1964199542999268,0.486
2020,Qatar,15.453949928283693,0.863
2020,Germany,7.475019931793213,0.948
2020,Canada,15.329480171203613,0.928
2020,Jordan,3.1241300106048584,0.74
2020,New Zealand,15.47237014770508,0.935
2020,Malaysia,2.671420097351074,0.802
2020,Estonia,4.450349807739258,0.891
2020,Hong Kong,4.0923099517822275,0.955
2020,DR Congo,-2.1060500144958496,0.477
2020,Saint Lucia,-20.435859680175778,0.724
2020,Georgia,2.54485011100769,0.807
2020,Latvia,6.454010009765625,0.873
2020,France,5.228179931640626,0.9
2020,Kyrgyzstan,9.872949600219728,0.691
2020,Liechtenstein,-40.1960792541504,0.933
2020,Austria,12.29218006134033,0.916
2020,Czechia,11.161069869995119,0.891
2020,Netherlands,11.24660015106201,0.938
2020,Lebanon,1.060369968414307,0.742
2020,Iran,-1.329069972038269,0.779
2020,Portugal,5.572340011596681,0.861
2020,United States,4.526040077209472,0.923
2020,Australia,25.216400146484382,0.948
2020,Republic of Korea,0.31694999337196356,0.922
2020,Uruguay,-1.480460047721863,0.82
2020,Colombia,-2.1700999736785884,0.756
2020,Spain,1.631960034370422,0.894
2020,Italy,-1.282909989356995,0.892
2020,Hungary,8.665080070495607,0.849
2020,North Macedonia,-5.341909885406494,0.766
2020,Laos,-9.235770225524902,0.616
2020,Norway,-1.0515500307083132,0.963
2020,Armenia,-1.5181699991226199,0.769
2020,Ecuador,-1.9732799530029297,0.734
2020,Sweden,3.707119941711427,0.944
2020,Turkey,1.681220054626465,0.835
2020,Denmark,8.267350196838377,0.946
2020,Greece,-2.240499973297119,0.887
2020,Bosnia and Herzegovina,-11.653739929199222,0.776
2020,Cuba,1.664669990539551,0.759
2020,Belgium,7.225619792938232,0.93
2020,Cyprus,-21.64422988891602,0.9
2020,Bahrain,1.8314399719238281,0.884
2020,Mauritius,-12.62454032897949,0.792
2020,Switzerland,12.31575012207031,0.957
2020,Argentina,3.22514009475708,0.841
2020,Lithuania,-3.494430065155029,0.88
2020,Tonga,-66.68457794189452,0.742
2020,Albania,-7.232999801635741,0.784
2020,El Salvador,-1.8232899904251099,0.666
2020,Slovenia,3.5058898925781246,0.91
2020,United Kingdom,18.682210922241207,0.92
2020,South Africa,1.9317400455474847,0.722
2020,Brunei Darussalam,-19.145160675048828,0.827
2020,Iceland,-5.790239810943605,0.955
2020,Samoa,-30.27187919616699,0.712
2020,Benin,-3.788009881973267,0.501
2020,San Marino,-40.909088134765625,0.844
2020,Botswana,-2.2524299621582027,0.701
2020,Finland,4.262239933013916,0.939
2020,Romania,0.19454999268054962,0.828
2020,Croatia,-3.2438900470733647,0.86
2020,Andorra,-203.6753387451172,0.843
2020,Serbia,-1.476639986038208,0.806
2020,Namibia,-3.8091099262237544,0.634
2020,Sri Lanka,-8.563690185546875,0.777
2021,Saudi Arabia,0.8618999719619752,0.867
2021,Botswana,-1.987769961357117,0.68
2021,Ukraine,-1.177809953689575,0.755
2021,Greece,-1.9912699460983279,0.887
2021,Czechia,11.825869560241701,0.891
2021,Norway,-0.6386600136756898,0.964
2021,Armenia,-1.160369992256165,0.774
2021,Cambodia,-3.4725599288940425,0.596
2021,Hungary,8.404029846191404,0.846
2021,Brazil,-0.6960800290107726,0.756
2021,Serbia,-1.696149945259094,0.804
2021,United States,4.022779941558838,0.921
2021,Tanzania,-3.1333799362182617,0.529
2021,Austria,12.935589790344244,0.92
2021,Argentina,2.8865699768066406,0.844
2021,Finland,4.711329936981201,0.941
2021,Republic of Korea,0.9741700291633605,0.926
2021,Latvia,6.26113986968994,0.865
2021,Kyrgyzstan,17.88352012634277,0.696
2021,Denmark,8.099900245666504,0.947
2021,Dominican Republic,1.665680050849915,0.756
2021,Belarus,-1.252290010452271,0.801
2021,Ireland,2.945080041885377,0.946
2021,Netherlands,11.855030059814453,0.941
2021,Poland,3.4580800533294678,0.876
2021,Malaysia,3.8104898929595947,0.798
2021,Seychelles,-54.18994140624999,0.795
2021,Slovakia,-11.09070014953613,0.852
2021,Estonia,3.887480020523071,0.89
2021,Australia,21.15686988830566,0.949
2021,Georgia,3.333460092544556,0.809
2021,Cyprus,-28.102340698242188,0.901
2021,Bosnia and Herzegovina,-11.493280410766602,0.776
2021,Chile,-0.11998999863862989,0.856
2021,Suriname,-22.618539810180657,0.689
2021,Israel,-1.206329941749573,0.911
2021,North Macedonia,-3.231940031051636,0.764
2021,Cuba,1.250049948692322,0.742
2021,Mauritius,-10.54757022857666,0.79
2021,Senegal,-0.9066299796104432,0.512
2021,Croatia,-3.8180499076843257,0.867
2021,Uruguay,-0.6278200149536134,0.814
2021,Germany,7.459179878234863,0.948
2021,Liechtenstein,-38.92893981933595,0.936
2021,Panama,0.6421200037002562,0.813
2021,Sweden,3.7631199359893803,0.949
2021,Slovenia,5.47198009490967,0.916
2021,Algeria,-1.4854099750518799,0.74
2021,Sri Lanka,-7.979549884796144,0.783
2021,Albania,-9.71914005279541,0.785
2021,Uzbekistan,-18.41320037841797,0.721
2021,United Kingdom,18.736009597778317,0.931
2021,Oman,-11.013139724731449,0.81
2021,France,5.234990119934082,0.906
2021,Canada,14.682209968566891,0.934
2021,Belgium,6.650710105895995,0.938
2021,Italy,-0.6078900098800658,0.899
2021,Turkmenistan,-86.26265716552734,0.74
2021,Burkina Faso,-2.328910112380981,0.445
2021,Bulgaria,-3.166620016098022,0.796
2021,South Africa,1.844220042228699,0.721
2021,Ghana,-2.5857899188995366,0.6
2021,Switzerland,12.79228973388672,0.965
2021,India,-1.18572998046875,0.633
2021,Lebanon,3.7305500507354745,0.725
2021,Andorra,-210.68702697753918,0.855
2021,Moldova,-14.25471973419189,0.767
2021,China,-1.485700011253357,0.785
2021,Morocco,-3.610719919204712,0.688
2021,Iceland,-4.701819896697997,0.957
2021,Portugal,5.76204013824463,0.865
2021,Bahrain,1.440060019493103,0.884
2021,San Marino,23.54680061340332,0.853
2021,Hong Kong,4.334430217742919,0.959
2021,Viet Nam,-4.84581995010376,0.718
2021,Palestine,-13.860090255737303,0.715
2021,Azerbaijan,-17.03016090393066,0.738
2021,Luxembourg,-121.5394668579102,0.927
2021,Mexico,0.3733299970626832,0.757
2021,Malta,10.128709793090817,0.912
2021,Turkey,2.075659990310668,0.841
2021,Qatar,18.54147911071777,0.864
2021,Lithuania,-2.044859886169434,0.875
2021,Samoa,-27.392229080200195,0.708
2021,Romania,-0.09883999824523931,0.825
2021,New Zealand,10.206250190734858,0.936
2021,Jordan,3.2414300441741943,0.736
2021,Colombia,-2.13877010345459,0.752
2021,Spain,1.507030010223389,0.904
